N,prob,se,qin_m3_s
1,0.0,0.0,1.475688683722214e-05
2,0.0,0.0,1.923417261219367e-05
3,0.3333333333333333,0.2721655269759087,5.1760546811441105e-06
4,0.25,0.21650635094610965,2.011612940803127e-05
5,0.2,0.1788854381999832,1.9915572210750674e-05
6,0.3333333333333333,0.19245008972987526,3.0901272566334375e-06
7,0.42857142857142855,0.1870439059165649,1.1940671791213665e-05
8,0.5,0.1767766952966369,5.4895699028452264e-06
9,0.5555555555555556,0.16563466499998442,5.225342337374585e-06
10,0.6,0.15491933384829668,3.1997323113049632e-06
11,0.6363636363636364,0.14504073367590284,3.166998269033512e-06
12,0.6666666666666666,0.13608276348795434,3.0925416714872296e-06
13,0.6153846153846154,0.1349320029703122,1.4168967709546763e-05
14,0.5714285714285714,0.13226001425322165,1.852142017589086e-05
15,0.6,0.12649110640673517,5.443764326309257e-06
16,0.625,0.12103072956898178,5.422419242467107e-06
17,0.5882352941176471,0.11936462498726878,1.734891476580491e-05
18,0.6111111111111112,0.11490438561102645,3.1983290424671565e-06
19,0.5789473684210527,0.1132689656524148,1.785961024868136e-05
20,0.6,0.10954451150103323,4.992372968270724e-06
21,0.6190476190476191,0.10597116957413082,5.256653369835756e-06
22,0.5909090909090909,0.10482356110715556,1.7218607909147517e-05
23,0.6086956521739131,0.10176384751376008,5.181913576649208e-06
24,0.625,0.09882117688026186,3.1555318197754235e-06
25,0.64,0.096,3.190784094319664e-06
26,0.6153846153846154,0.09541133429939111,2.0183807697910907e-05
27,0.5925925925925926,0.09456070200062598,1.4396837303506717e-05
28,0.6071428571428571,0.09229618630166093,5.315150838487793e-06
29,0.6206896551724138,0.0901022421425571,5.496373471220803e-06
30,0.6333333333333333,0.08798147953257401,5.0083958812947225e-06
31,0.6451612903225806,0.08593474639776308,3.128215806767769e-06
32,0.625,0.0855816496101822,1.6529129192909453e-05
33,0.6363636363636364,0.08373930663124332,5.493287191194176e-06
34,0.6470588235294118,0.08195653482579246,5.1135088243321945e-06
35,0.6571428571428571,0.080232897144853,5.525513829927471e-06
36,0.6666666666666666,0.07856742013183862,3.060499265946229e-06
37,0.6486486486486487,0.07848284013769638,1.5695810516136904e-05
38,0.631578947368421,0.07825178333421348,1.8090801274020297e-05
39,0.6410256410256411,0.07681342173272795,5.0889533921321365e-06
40,0.625,0.07654655446197431,1.6704206675238794e-05
41,0.6341463414634146,0.07522401651262858,5.2480406664400865e-06
42,0.6428571428571429,0.07393559564382367,4.7920512334233876e-06
43,0.627906976744186,0.07371216890168013,1.9919365221042492e-05
44,0.6363636363636364,0.07252036683795142,3.1529307518482406e-06
45,0.6222222222222222,0.07227443506755833,1.8369260425422946e-05
46,0.6304347826086957,0.07116831969319395,5.276922842231406e-06
47,0.6382978723404256,0.07008713399186657,5.294430008225555e-06
48,0.6458333333333334,0.06903088663913556,5.314632790603195e-06
49,0.6530612244897959,0.06799943900694229,3.0861453827529505e-06
50,0.64,0.06788225099390856,1.703076459992894e-05
51,0.6470588235294118,0.06691723046994365,3.1789931754564363e-06
52,0.6538461538461539,0.06597367787271526,5.572185054716295e-06
53,0.660377358490566,0.06505137344040325,3.183088657959464e-06
54,0.6666666666666666,0.06415002990995843,4.935246769654663e-06
55,0.6545454545454545,0.06411859785221004,1.4654056588753972e-05
56,0.6607142857142857,0.06326967767977505,3.1675128962215046e-06
57,0.6491228070175439,0.06321258874556504,1.810197108860398e-05
58,0.6379310344827587,0.06310568990774948,2.1128026669870466e-05
59,0.6271186440677966,0.0629555735649159,1.5932427257278957e-05
60,0.6333333333333333,0.062212300796308524,2.8967103561997363e-06
61,0.639344262295082,0.06148212809299357,3.192247962969087e-06
62,0.6451612903225806,0.060765041917404505,3.152707392621731e-06
63,0.6507936507936508,0.06006098420353418,5.16732429862299e-06
64,0.65625,0.059369859974885406,5.226007380313305e-06
65,0.6461538461538462,0.05930871686541635,2.0425502688510726e-05
66,0.6515151515151515,0.05865192120924484,5.423473544831215e-06
67,0.6567164179104478,0.058006685713137024,5.249141819056678e-06
68,0.6617647058823529,0.05737290043970798,5.71683223434517e-06
69,0.6666666666666666,0.056750435383916574,5.133235753419829e-06
70,0.6571428571428571,0.05673322564536834,1.9810899421362212e-05
71,0.6619718309859155,0.05613930434636632,3.118884324225984e-06
72,0.6666666666666666,0.05555555555555556,5.430733825242373e-06
73,0.6712328767123288,0.054981852788588643,5.604667406503214e-06
74,0.6756756756756757,0.054418058530866835,5.118003594686602e-06
75,0.68,0.05386402633793108,5.311439397695683e-06
76,0.6842105263157895,0.05331960264520819,5.642324833481658e-06
77,0.6883116883116883,0.052784628326815186,5.240387364645666e-06
78,0.6923076923076923,0.05225894003744288,5.472465540081112e-06
79,0.6962025316455697,0.051742371366523744,4.936442175826548e-06
80,0.7,0.051234753829797995,5.692621224128087e-06
81,0.7037037037037037,0.05073591771990927,5.519756479744757e-06
82,0.6951219512195121,0.05083778892069367,1.8335109811596393e-05
83,0.6987951807228916,0.05035781320569503,3.090233759647336e-06
84,0.7023809523809523,0.04988581606235273,3.176588161335447e-06
85,0.7058823529411765,0.049421650024517996,5.309764629041696e-06
86,0.7093023255813954,0.04896516755606224,3.136536972491731e-06
87,0.7126436781609196,0.04851622150080206,5.177244307094152e-06
88,0.7159090909090909,0.048074665467423255,3.1373413909288034e-06
89,0.7191011235955056,0.047640354157589215,5.4119164717315535e-06
90,0.7111111111111111,0.047776342212139555,1.728673166296061e-05
91,0.7142857142857143,0.04735668172369971,5.144961687953029e-06
92,0.717391304347826,0.04694365503196716,3.06232229497007e-06
93,0.7204301075268817,0.046537136020450225,5.14372878948343e-06
94,0.7127659574468085,0.04666889338869012,1.620763270162156e-05
95,0.7052631578947368,0.04677685392664336,2.1498901979749154e-05
96,0.7083333333333334,0.04639024033294232,5.047029051595e-06
97,0.711340206185567,0.04600933536485718,5.299842557641119e-06
98,0.7142857142857143,0.04563404035713856,5.526274471292849e-06
99,0.7171717171717171,0.04526425722831635,5.082208000101628e-06
100,0.72,0.0448998886412873,5.014432739124657e-06
101,0.7227722772277227,0.04454083814168864,5.277336923526808e-06
102,0.7156862745098039,0.04466426292055084,1.743181841828375e-05
103,0.7087378640776699,0.04476784821703428,1.6238288357258328e-05
104,0.7019230769230769,0.04485307971223693,1.8794178785244757e-05
105,0.6952380952380952,0.04492131598884352,1.910057220747951e-05
106,0.6886792452830188,0.04497380184979713,1.870987189193872e-05
107,0.6915887850467289,0.04464750178193021,5.4185569967666025e-06
108,0.6944444444444444,0.04432532906279343,3.1265865381236235e-06
109,0.6972477064220184,0.044007228587962105,5.340053214595558e-06
110,0.7,0.04369314487526515,5.387231535405155e-06
111,0.6936936936936937,0.04375224607086919,1.680527635641495e-05
112,0.6964285714285714,0.04344699318941607,5.3454552971053665e-06
113,0.6991150442477876,0.04314548337749723,5.218430364919947e-06
114,0.6929824561403509,0.043200650947625485,1.4604729273156049e-05
115,0.6869565217391305,0.04324322102985131,1.4159816508502193e-05
116,0.6896551724137931,0.042954558545037914,3.122954560371467e-06
117,0.6837606837606838,0.04298996216608101,1.6118643539562457e-05
118,0.6779661016949152,0.04301439123066887,1.586606447116275e-05
119,0.680672268907563,0.042737967617001583,5.4672995112035655e-06
120,0.6833333333333333,0.04246458219199549,3.1111207929419385e-06
121,0.6859504132231405,0.042194203101724934,3.19510603413406e-06
122,0.6885245901639344,0.041926797927519896,3.118729854198458e-06
123,0.6910569105691057,0.041662333783538404,5.3976437614604586e-06
124,0.6854838709677419,0.041697425232920755,1.6075533136480863e-05
125,0.68,0.041722895393296947,1.8046145621545824e-05
126,0.6746031746031746,0.04173933961594677,1.9778723153849803e-05
127,0.6692913385826772,0.04174731286377069,1.7735506056843198e-05
128,0.671875,0.041501033907960505,5.155699841492752e-06
129,0.6744186046511628,0.04125719578783214,3.1459378904228188e-06
130,0.676923076923077,0.04101577790708867,5.186801993038036e-06
131,0.6717557251908397,0.04102689221058918,1.765639954592016e-05
132,0.6742424242424242,0.04079137401332384,5.4272000250581495e-06
133,0.6691729323308271,0.04079847031691164,2.0182871346182915e-05
134,0.6716417910447762,0.04056863500318874,5.517370748396903e-06
135,0.674074074074074,0.04034097418306748,5.372315422224796e-06
136,0.6764705882352942,0.04011547041756727,3.0888878136353403e-06
137,0.6788321167883211,0.039892105763250175,4.833411245259132e-06
138,0.6811594202898551,0.0396708618327418,5.539251646753283e-06
139,0.6834532374100719,0.03945171985051816,5.312187679601297e-06
140,0.6857142857142857,0.039234660704319725,5.30668130746161e-06
141,0.6879432624113475,0.03901966499252565,5.322765184251235e-06
142,0.6901408450704225,0.03880671306779403,5.65951977878892e-06
143,0.6853146853146853,0.03883427829477919,2.135663036291998e-05
144,0.6875,0.03862603378695657,3.125722604635346e-06
145,0.6827586206896552,0.038649556054337064,1.4879288980826821e-05
146,0.678082191780822,0.038666711902969594,1.6547716455253573e-05
147,0.673469387755102,0.03867784012076268,1.559141064459461e-05
148,0.6756756756756757,0.03847937820618239,3.14536580829974e-06
149,0.6711409395973155,0.038487405661968344,1.908465029312204e-05
150,0.6666666666666666,0.03849001794597505,1.6903757910169707e-05
151,0.6688741721854304,0.03829836802228136,5.24020265528425e-06
152,0.6710526315789473,0.038108311466508206,5.163105525773454e-06
153,0.6666666666666666,0.038110796698335295,1.8972471015825146e-05
154,0.6688311688311688,0.03792474061679668,5.193712805549766e-06
155,0.6709677419354839,0.03774020113947817,4.9620292832651684e-06
156,0.6666666666666666,0.03774256780481986,1.6674846476034526e-05
157,0.6687898089171974,0.03756183864415151,3.193255283382659e-06
158,0.6708860759493671,0.037382554403261825,5.577339763197629e-06
159,0.6666666666666666,0.03738481027280295,1.8157463737503282e-05
160,0.6625,0.03738262882008166,1.9651116487218307e-05
161,0.6645962732919255,0.037209167608959134,1.2267449784818063e-05
162,0.6666666666666666,0.03703703703703704,5.13819111842079e-06
163,0.6687116564417178,0.03686622949505629,5.504332322003541e-06
164,0.6646341463414634,0.03686623793034343,1.7812693267906093e-05
165,0.6666666666666666,0.03669879217087869,5.181266627974721e-06
166,0.6686746987951807,0.03653261012201894,5.655861085230462e-06
167,0.6646706586826348,0.03653261803721241,1.7541263445673215e-05
168,0.6607142857142857,0.03652876543995898,2.04639005339695e-05
169,0.6568047337278107,0.03652123281914886,1.537836832926199e-05
170,0.6588235294117647,0.03636215603078291,5.358473817368911e-06
171,0.6608187134502924,0.03620420813350606,5.521083303903465e-06
172,0.6627906976744186,0.036047383928453476,2.949911068377978e-06
173,0.6647398843930635,0.035891677951663065,3.1978523083556303e-06
174,0.6666666666666666,0.03573708449459316,5.140655067381183e-06
175,0.6685714285714286,0.03558359762341454,5.107022713640461e-06
176,0.6704545454545454,0.035431211197150314,5.367442525942863e-06
177,0.6666666666666666,0.035432933563515595,1.4843222425495685e-05
178,0.6685393258426966,0.035283323211953176,3.160433792200291e-06
179,0.664804469273743,0.035283329416003414,1.964752560522011e-05
180,0.6611111111111111,0.035280086441420874,1.3951059667653802e-05
181,0.6629834254143646,0.035134815573949874,5.370827538239551e-06
182,0.6648351648351648,0.03499052999307821,4.8204481302664346e-06
183,0.6612021857923497,0.03498741813632054,2.04474120978685e-05
184,0.6630434782608695,0.03484568654272264,4.882554578207188e-06
185,0.6648648648648648,0.03470490084038602,4.946862926877845e-06
186,0.6612903225806451,0.03470191279796841,1.6959891488847334e-05
187,0.6577540106951871,0.03469605782208536,1.9665663017525955e-05
188,0.6595744680851063,0.03455922984878645,5.578170459866118e-06
189,0.6613756613756614,0.034423282996420924,4.936734960703378e-06
190,0.6631578947368421,0.03428821351772444,5.56633053636505e-06
191,0.6649214659685864,0.03415401749902075,2.9663519478087872e-06
192,0.6666666666666666,0.034020690871988585,5.4988189302163445e-06
193,0.6683937823834197,0.03388822942478964,5.667545085229542e-06
194,0.6701030927835051,0.03375662881259274,5.136868561184314e-06
195,0.6717948717948717,0.03362588456752675,5.450891602591301e-06
196,0.673469387755102,0.03349599210809346,5.486115170600343e-06
197,0.6700507614213198,0.03349996125007452,1.6078584719108646e-05
198,0.6717171717171717,0.03337219045318592,5.1558686853315624e-06
199,0.6733668341708543,0.033245239263937625,5.303518609848167e-06
200,0.675,0.03311910324872942,4.9681098400144275e-06
201,0.6766169154228856,0.03299377788367588,5.359585332606954e-06
202,0.6732673267326733,0.03300003251475394,2.005543382445422e-05
203,0.6748768472906403,0.032876698164137366,3.0435954160016063e-06
204,0.6764705882352942,0.03275414443825102,5.354223322780898e-06
205,0.6731707317073171,0.03276017046919169,1.902345708288939e-05
206,0.6699029126213593,0.03276371722532802,1.9116963135293976e-05
207,0.6714975845410628,0.03264422317572848,5.4930331543437145e-06
208,0.6682692307692307,0.032646523697043045,2.0342093717761e-05
209,0.6650717703349283,0.032646527298960656,1.7001780958034944e-05
210,0.6666666666666666,0.03253000243161777,5.520292651287e-06
211,0.6635071090047393,0.03252890987642223,1.4532485882682215e-05
212,0.660377358490566,0.032525686720201626,1.4787522916154699e-05
213,0.6619718309859155,0.032412042476492924,5.678163350081002e-06
214,0.6635514018691588,0.032299050863245325,3.2039129775996776e-06
215,0.6604651162790698,0.032295938722106655,1.621327946274053e-05
216,0.6620370370370371,0.0321846523284188,3.009345886155944e-06
217,0.6589861751152074,0.03218061042303652,1.500004775159126e-05
218,0.6605504587155964,0.03207098993547498,5.135278717757717e-06
219,0.6575342465753424,0.03206606772496728,1.728817412668846e-05
220,0.6590909090909091,0.03195807499640087,5.424154992036899e-06
221,0.6606334841628959,0.03185067561922833,3.1533547819140683e-06
222,0.6621621621621622,0.031743867476338984,4.893216583755852e-06
223,0.6591928251121076,0.03174009110111126,1.9853150025532878e-05
224,0.6607142857142857,0.031634838839887526,4.954476449324481e-06
225,0.6577777777777778,0.03163023678834375,2.0102060791615514e-05
226,0.6592920353982301,0.031526505736863705,5.607836375761023e-06
227,0.6607929515418502,0.03142333000230474,5.444997246076432e-06
228,0.6622807017543859,0.03132070764462555,2.9435012409892876e-06
229,0.6637554585152838,0.031218636649667616,5.129982376402554e-06
230,0.6608695652173913,0.031216006414405518,1.3056503085771384e-05
231,0.658008658008658,0.031211696109011946,1.955424797901447e-05
232,0.6551724137931034,0.031205763310370296,1.8424330341145333e-05
233,0.6566523605150214,0.031106906754496275,5.6863810559085876e-06
234,0.6538461538461539,0.031100290002409228,1.5908409971799657e-05
235,0.6553191489361702,0.031002811264000726,5.382565444820344e-06
236,0.6567796610169492,0.030905825920221924,3.1401258535331872e-06
237,0.6582278481012658,0.030809332528047555,5.348327928957891e-06
238,0.6596638655462185,0.030713329575423234,3.1557592878650414e-06
239,0.6569037656903766,0.030708591761927976,1.703683154394471e-05
240,0.6541666666666667,0.030702377682687222,1.3677157028303383e-05
241,0.6556016597510373,0.030608498500028287,5.718614352251839e-06
242,0.6570247933884298,0.030515083268196446,5.575586797928634e-06
243,0.6584362139917695,0.030422130650509735,5.187126675737814e-06
244,0.6598360655737705,0.03032963924900837,5.323284394209876e-06
245,0.6612244897959184,0.030237607607694787,5.347461473164804e-06
246,0.6626016260162602,0.030146034215637035,5.411664564315929e-06
247,0.6639676113360324,0.030054917509941294,5.459085948590235e-06
248,0.6653225806451613,0.02996425587859912,5.154771375798101e-06
249,0.6666666666666666,0.029874047663214724,5.486161449011706e-06
250,0.668,0.029784291161617394,3.095536019713709e-06
251,0.6693227091633466,0.02969498463036391,5.215804787993676e-06
252,0.6706349206349206,0.029606126287135555,5.322917361083483e-06
253,0.6719367588932806,0.02951771431303421,5.101897365060324e-06
254,0.6692913385826772,0.02951980802228864,1.8491930607318504e-05
255,0.6705882352941176,0.029432518629226412,5.224527956915536e-06
256,0.671875,0.02934566250257172,5.105030119621057e-06
257,0.669260700389105,0.02934769529419463,1.781900394638988e-05
258,0.6705426356589147,0.02926192921933956,5.686637605754557e-06
259,0.6718146718146718,0.02917658384032596,5.1052840455631106e-06
260,0.6692307692307692,0.029178558167149052,1.4413324922514105e-05
261,0.6666666666666666,0.02917920730216057,1.9959455904729763e-05
262,0.6641221374045801,0.029178571297327982,1.866563353181676e-05
263,0.6653992395437263,0.02909556115508196,5.374718085525795e-06
264,0.6628787878787878,0.029094315053044665,1.6057434875678544e-05
265,0.660377358490566,0.02909185860849321,1.5658283027576424e-05
266,0.6578947368421053,0.029088227993646923,2.006078854777224e-05
267,0.6591760299625468,0.029007489119860244,4.715529128631648e-06
268,0.6567164179104478,0.029003342856568512,1.6003363272068123e-05
269,0.654275092936803,0.028998089649893737,2.030427946655208e-05
270,0.6555555555555556,0.02891894606038942,5.6007853447164645e-06
271,0.6568265682656826,0.028840151611370275,5.187487429636025e-06
272,0.6580882352941176,0.02876170540876458,5.163677154259062e-06
273,0.6593406593406593,0.028683606521498668,5.138604603347126e-06
274,0.6605839416058394,0.028605853983244445,5.109278825557391e-06
275,0.6581818181818182,0.02860251180303094,1.784824417852726e-05
276,0.6594202898550725,0.028525679454527997,5.226417002180755e-06
277,0.6570397111913358,0.028521859949486632,1.9129409883064975e-05
278,0.6546762589928058,0.028517018451816815,1.737116957116413e-05
279,0.6559139784946236,0.028441654501601202,5.16463109522345e-06
280,0.6571428571428571,0.02836661282268417,5.3385234654992545e-06
281,0.6548042704626335,0.02836189852090437,1.7673214174962513e-05
282,0.6560283687943262,0.028287728094521493,5.186519665871761e-06
283,0.6537102473498233,0.02828259462133356,1.7096424749159896e-05
284,0.6514084507042254,0.02827651946424422,1.7296628589178415e-05
285,0.6491228070175439,0.028269529093764317,1.9437884298038702e-05
286,0.6503496503496503,0.028197293343283775,5.431026784186057e-06
287,0.6515679442508711,0.02812535145893077,3.058161601744509e-06
288,0.6527777777777778,0.02805370287856672,5.608338363057941e-06
289,0.6539792387543253,0.02798234700766847,5.564709489960451e-06
290,0.6517241379310345,0.02797657800973475,1.6985284559893512e-05
291,0.6494845360824743,0.02796993805163674,1.7937719559834393e-05
292,0.6472602739726028,0.027962451077079446,1.7390358694784874e-05
293,0.6450511945392492,0.027954140343250763,2.018189153187214e-05
294,0.6462585034013606,0.027885117222750038,3.202940288960065e-06
295,0.6474576271186441,0.027816361982000652,4.850828119573562e-06
296,0.6452702702702703,0.027808256878007514,1.8694014175977904e-05
297,0.6430976430976431,0.02779936925742692,1.4219799322221294e-05
298,0.6442953020134228,0.027731869693564767,3.207271475430995e-06
299,0.6421404682274248,0.027722712474252256,1.6040081725741892e-05
300,0.6433333333333333,0.027655955088404592,4.961640550464706e-06
301,0.6445182724252492,0.02758944794044533,5.658179501602688e-06
302,0.6423841059602649,0.027580512265981582,2.0809371853464087e-05
303,0.6435643564356436,0.027514729062514183,3.078665350445649e-06
304,0.6447368421052632,0.02744919029444005,3.0853774798099624e-06
305,0.6459016393442623,0.02738389568836045,4.973438623510879e-06
306,0.6470588235294118,0.027318844941930823,4.997284270175028e-06
307,0.6482084690553745,0.027254037724960264,3.081522928080228e-06
308,0.6493506493506493,0.0271894736804748,5.519274641362399e-06
309,0.6472491909385113,0.02718257078697391,1.5227350598851066e-05
310,0.6483870967741936,0.02711869189388097,5.348787969412379e-06
311,0.6463022508038585,0.027111515061056028,1.9034761279364215e-05
312,0.6474358974358975,0.027048310065420002,5.32033687429829e-06
313,0.645367412140575,0.027040870468220516,2.0839059637278983e-05
314,0.6464968152866242,0.02697832835796268,5.350264550565693e-06
315,0.6476190476190476,0.026916013807800947,2.9490629177590448e-06
316,0.6455696202531646,0.02690874673448628,1.643432494485546e-05
317,0.6466876971608833,0.02684707948104068,5.412676619284467e-06
318,0.6477987421383647,0.026785634692057296,3.0602397550636794e-06
319,0.6489028213166145,0.026724412061117264,5.154454222597904e-06
320,0.646875,0.026717722019698367,1.897501588756517e-05
321,0.6448598130841121,0.026710378964039515,1.729134093836089e-05
322,0.6459627329192547,0.02665018852547387,5.25081215753318e-06
323,0.6470588235294118,0.02659021110078577,5.352329111894447e-06
324,0.6481481481481481,0.02653044641610623,5.431866482719905e-06
325,0.6492307692307693,0.026470894176567873,5.235658889693592e-06
326,0.6503067484662577,0.026411554067069465,5.313638673898634e-06
327,0.6483180428134556,0.026405550232990613,1.413327911200824e-05
328,0.649390243902439,0.026346804952008435,5.679773977281555e-06
329,0.6504559270516718,0.02628826717239306,5.336350822719694e-06
330,0.6484848484848484,0.02628239702241278,2.147385817114328e-05
331,0.649546827794562,0.02622444065952764,5.441715535649033e-06
332,0.6506024096385542,0.02616668730909803,5.211407212275892e-06
333,0.6486486486486487,0.02616094671256546,1.9406339278597604e-05
334,0.6467065868263473,0.026154605814934798,1.804757230526535e-05
335,0.6477611940298508,0.02609778566342265,3.146089041680033e-06
336,0.6488095238095238,0.02604116050690478,5.584372459167925e-06
337,0.6468842729970327,0.026034957687667074,1.869606525772749e-05
338,0.6479289940828402,0.025978883818716842,5.511477464477564e-06
339,0.6489675516224189,0.025923000832543994,5.282046964926598e-06
340,0.6470588235294118,0.02591693191844153,2.089636609314084e-05
341,0.6480938416422287,0.02586158815954389,5.361495453352865e-06
342,0.6491228070175439,0.025806431291172157,5.04822659731411e-06
343,0.6501457725947521,0.025751461051245886,3.123380772590095e-06
344,0.6482558139534884,0.025745862934145443,1.366799552332353e-05
345,0.6492753623188405,0.025691416612353316,3.1674537769308746e-06
346,0.6502890173410405,0.02563715304743572,5.3155354167431485e-06
347,0.6512968299711815,0.025583071967587565,5.1652772776789485e-06
348,0.6522988505747126,0.025529173086635958,4.848165681015692e-06
349,0.6532951289398281,0.025475456104541987,4.844693338973547e-06
350,0.6542857142857142,0.02542192070788779,5.033362358053362e-06
351,0.6552706552706553,0.025368566570349395,4.943411540870335e-06
352,0.65625,0.025315393353155705,5.276068813335084e-06
353,0.6543909348441926,0.025311847612713392,1.8898052855263183e-05
354,0.655367231638418,0.02525916644787161,5.518054597467061e-06
355,0.6563380281690141,0.025206662485481306,4.950844427420178e-06
356,0.6544943820224719,0.025203190336857823,1.7424052723167196e-05
357,0.6554621848739496,0.025151168122196126,3.1929516424366144e-06
358,0.6536312849162011,0.025147466097071164,1.992397643491728e-05
359,0.6518105849582173,0.02514324124308403,1.5020104526406622e-05
360,0.65,0.025138505214997258,1.5895228270350677e-05
361,0.6481994459833795,0.025133269395349715,1.6971713064953374e-05
362,0.649171270718232,0.025082622145230524,5.038453812951371e-06
363,0.6473829201101928,0.025077196234101127,2.0062593660674295e-05
364,0.6456043956043956,0.025071291755244477,1.540818811801897e-05
365,0.6465753424657534,0.025021397362566932,5.599183836741862e-06
366,0.6475409836065574,0.02497165924512568,5.502770821017436e-06
367,0.6485013623978202,0.024922077218349204,5.049496498560905e-06
368,0.6494565217391305,0.024872651085822504,5.418740707314943e-06
369,0.6504065040650406,0.02482338063966977,3.122431015496573e-06
370,0.6513513513513514,0.024774265660926494,3.1758781884133174e-06
371,0.6522911051212938,0.024725305919901356,5.34400892125525e-06
372,0.6532258064516129,0.024676501176528164,5.1052293715127495e-06
373,0.6541554959785523,0.024627851180708114,5.480557217360515e-06
374,0.6550802139037433,0.024579355672642654,3.1642026477604146e-06
375,0.656,0.024531014383157225,5.400506423219775e-06
376,0.6542553191489362,0.024527735956564486,1.912419104437602e-05
377,0.6551724137931034,0.024479814777867065,5.441488325947627e-06
378,0.656084656084656,0.024432044842210503,5.366082349229568e-06
379,0.6543535620052771,0.02442883033845936,1.570296375277298e-05
380,0.6552631578947369,0.02438147224736083,5.464754937137209e-06
381,0.6535433070866141,0.024378061910056883,1.7700796699529695e-05
382,0.6544502617801047,0.024331110191091562,3.030104430127099e-06
383,0.6527415143603134,0.024327510230668592,1.5843949595693274e-05
384,0.6510416666666666,0.024323471974240337,1.6502643507749046e-05
385,0.6519480519480519,0.024277175936513847,3.0686478132106358e-06
386,0.6528497409326425,0.024231020920758548,5.127733764617582e-06
387,0.6511627906976745,0.02422705956709189,1.9094223164007087e-05
388,0.6520618556701031,0.024181295065755382,5.246063327588487e-06
389,0.6529562982005142,0.02413566896318072,3.178575547797429e-06
390,0.6538461538461539,0.024090181048310393,5.398044237228088e-06
391,0.6547314578005116,0.0240448311021042,5.452677464139225e-06
392,0.6530612244897959,0.02404143221934496,1.7473678424788604e-05
393,0.6539440203562341,0.023996460648507467,3.0070807458091442e-06
394,0.6548223350253807,0.023951624499937624,5.465199890886303e-06
395,0.6556962025316456,0.023906923551860308,3.100484202571128e-06
396,0.6540404040404041,0.023903824232474665,1.6841794903973804e-05
397,0.6523929471032746,0.02390031721347505,2.0459206858912197e-05
398,0.6532663316582915,0.023856218787229197,5.467024289252115e-06
399,0.6541353383458647,0.023812251089247272,3.203737914796589e-06
400,0.655,0.023768413914268656,5.090745407246324e-06
401,0.6533665835411472,0.023765200729596116,1.4901947866986173e-05
402,0.654228855721393,0.023721721057032016,5.172612193894669e-06
403,0.6550868486352357,0.02367836955042995,5.271587915051953e-06
404,0.6534653465346535,0.02367521510838317,1.5029746521093885e-05
405,0.6518518518518519,0.023671674748638745,2.080491074213864e-05
406,0.6527093596059114,0.0236288966598413,3.0316916102809854e-06
407,0.6511056511056511,0.02362520008645753,1.3517426723112588e-05
408,0.6519607843137255,0.02358276622494664,3.1545005238895747e-06
409,0.6528117359413202,0.023540454351962326,4.838251435689162e-06
410,0.6536585365853659,0.023498264291605786,4.905258686725564e-06
411,0.6520681265206812,0.023494850338933445,1.8329663089094524e-05
412,0.6529126213592233,0.02345299628057215,3.0646000529123617e-06
413,0.6513317191283293,0.023449430974766736,1.767158499515903e-05
414,0.6521739130434783,0.02340790878513763,3.1270259213504055e-06
415,0.6506024096385542,0.023404196627649698,1.7788039666863557e-05
416,0.6514423076923077,0.023363002239777265,2.9254530065834416e-06
417,0.6522781774580336,0.023321923726551747,5.133325836606794e-06
418,0.6507177033492823,0.02331827701216518,1.84351190165932e-05
419,0.649164677804296,0.02331428413268202,1.6929038914524564e-05
420,0.6476190476190476,0.023309951726168343,2.0755566259133103e-05
421,0.6484560570071259,0.02326960640568056,5.639960198292491e-06
422,0.6469194312796208,0.023265145946379396,1.5867999649977598e-05
423,0.6477541371158393,0.023225114543185762,3.207818707246118e-06
424,0.6462264150943396,0.023220529888921707,1.6275455037694674e-05
425,0.6447058823529411,0.023215623928342984,1.640665141686881e-05
426,0.6455399061032864,0.023176103512400015,5.04976514099758e-06
427,0.6463700234192038,0.023136688640075082,5.6354791627803995e-06
428,0.6448598130841121,0.023131866727567698,1.2660494889994555e-05
429,0.6456876456876457,0.023092754587493616,5.658133402104771e-06
430,0.6441860465116279,0.023087819399653983,1.89437818421917e-05
431,0.642691415313225,0.023082579483856617,1.863595098214179e-05
432,0.6435185185185185,0.02304396135058879,5.438863556450912e-06
433,0.6443418013856813,0.02300544389699479,5.077114556506342e-06
434,0.6428571428571429,0.02300029236112992,1.86869677718466e-05
435,0.6413793103448275,0.022994846529414206,1.7502740892877054e-05
436,0.6422018348623854,0.0229568121728971,2.980803410043649e-06
437,0.6430205949656751,0.022918875406996494,5.212776009380185e-06
438,0.6415525114155252,0.022913520490317005,1.9151103886794092e-05
439,0.6400911161731208,0.02290788124565103,1.892343003626789e-05
440,0.6409090909090909,0.022870416982483446,5.010861814466573e-06
441,0.6417233560090703,0.02283304733727868,5.04368578470586e-06
442,0.6425339366515838,0.022795772257401533,5.447102139654007e-06
443,0.6433408577878104,0.022758591684454405,3.1979526583973323e-06
444,0.6441441441441441,0.022721505554425796,3.2334752584252096e-06
445,0.6449438202247191,0.022684513797835506,5.613512780076622e-06
446,0.6457399103139013,0.022647616339876525,3.1894619943771123e-06
447,0.6465324384787472,0.02261081310055369,5.314441751390388e-06
448,0.6473214285714286,0.02257410399481924,3.199006665846828e-06
449,0.6458797327394209,0.022569817615719648,1.7766636648815507e-05
450,0.6466666666666666,0.022533377164103766,3.124707499318815e-06
451,0.6452328159645233,0.022528987445397736,1.7246590799408023e-05
452,0.6438053097345132,0.02252432475155759,1.9772598639571982e-05
453,0.6445916114790287,0.022488322497766944,3.0603514319533267e-06
454,0.6431718061674009,0.022483563938979045,1.685243029403684e-05
455,0.643956043956044,0.022447822646243423,5.506826881354455e-06
456,0.6447368421052632,0.022412170024644823,5.450686222068288e-06
457,0.6433260393873085,0.0224074877310943,1.607940679076903e-05
458,0.6419213973799127,0.022402545714947975,1.4713163004994288e-05
459,0.6427015250544662,0.02236731756098439,5.46716729068216e-06
460,0.6434782608695652,0.022332175494108562,5.661182448326113e-06
461,0.6442516268980477,0.022297119457219468,5.125356752658611e-06
462,0.645021645021645,0.02226214938861251,3.1235504826723423e-06
463,0.6457883369330454,0.022227265222094707,3.0918563173465676e-06
464,0.646551724137931,0.022192466887097372,5.107309942698992e-06
465,0.6473118279569893,0.022157754308786314,5.256725661517544e-06
466,0.648068669527897,0.022123127408169675,5.431055976676671e-06
467,0.6488222698072805,0.022088586102203368,3.0868372549958825e-06
468,0.6495726495726496,0.022054130303894286,5.1292644068794125e-06
469,0.650319829424307,0.022019759922401197,5.614279650815489e-06
470,0.6510638297872341,0.021985474863133514,5.440437791731876e-06
471,0.6518046709129511,0.02195127502784788,2.8315889500235772e-06
472,0.652542372881356,0.021917160314742647,1.1728600345831214e-05
473,0.653276955602537,0.02188313061855037,3.1273440458902237e-06
474,0.6540084388185654,0.021849185830628226,5.402347699952407e-06
475,0.6547368421052632,0.021815325839046506,5.2053003461474694e-06
476,0.6554621848739496,0.0217815505286752,5.391790276166195e-06
477,0.6561844863731656,0.02174785978126869,5.662075192972618e-06
478,0.6569037656903766,0.02171425347554862,4.921557396472506e-06
479,0.6576200417536534,0.02168073148728499,5.420590995305793e-06
480,0.65625,0.021678807696111888,2.023903446570423e-05
481,0.6548856548856549,0.021676627089480188,1.664886658532224e-05
482,0.6556016597510373,0.021643476851308272,5.627562306540908e-06
483,0.6563146997929606,0.02161040862954455,5.095931026387107e-06
484,0.6570247933884298,0.02157742230741386,3.1163210578251687e-06
485,0.6556701030927835,0.021575416470665024,2.0557562543092363e-05
486,0.6563786008230452,0.02154265236203316,4.562211660678543e-06
487,0.6550308008213552,0.021540537725328074,1.773735712338476e-05
488,0.6557377049180327,0.02150799352294206,5.359381194841589e-06
489,0.65439672801636,0.02150577277224361,1.909187876016627e-05
490,0.6530612244897959,0.021503310687563587,1.5541863636869382e-05
491,0.6517311608961304,0.02150061121724443,2.036940416420286e-05
492,0.6504065040650406,0.02149767824176483,1.7290801263882086e-05
493,0.6490872210953347,0.02149451557512926,1.6740847706570208e-05
494,0.6477732793522267,0.021491126966223,1.6828639602734175e-05
495,0.6484848484848484,0.021459487307385082,5.3647451856744224e-06
496,0.6471774193548387,0.02145601310709223,1.9228542860836456e-05
497,0.647887323943662,0.021424582968304406,5.077043132019931e-06
498,0.6465863453815262,0.02142102537245604,1.8933943752478283e-05
499,0.6452905811623246,0.021417252191490294,1.910170331958287e-05
500,0.646,0.021386163751360363,5.304036300724988e-06
501,0.6467065868263473,0.021355146223406684,5.399999875513433e-06
502,0.647410358565737,0.02132419954955694,5.660921870691637e-06
503,0.6481113320079522,0.02129332366880458,5.42227803966184e-06
504,0.6488095238095238,0.02126251851727788,5.419268402003094e-06
505,0.6495049504950495,0.02123178402830762,4.972287557155421e-06
506,0.650197628458498,0.0212011201324934,4.924534631957485e-06
507,0.6489151873767258,0.021198054829101257,2.0173588774923853e-05
508,0.6496062992125984,0.021167589400202656,1.173250073777453e-05
509,0.650294695481336,0.02113719356694237,5.593989399180544e-06
510,0.6509803921568628,0.021106867258291487,5.270420213084462e-06
511,0.6516634050880626,0.021076610400692326,5.356618908016587e-06
512,0.65234375,0.02104642291811878,5.272420602631835e-06
513,0.6530214424951267,0.021016304732135425,5.140430296035506e-06
514,0.6517509727626459,0.021013782871144925,1.6360141950932575e-05
515,0.6524271844660194,0.020983856644599234,3.2041840570973455e-06
516,0.6531007751937985,0.020953998741200602,5.599754081109416e-06
517,0.6537717601547389,0.020924209081457586,5.575909142275392e-06
518,0.6544401544401545,0.02089448758364768,3.2068535465928214e-06
519,0.6551059730250481,0.020864834163871134,5.653930485957024e-06
520,0.6557692307692308,0.020835248736103724,3.045751580306281e-06
521,0.654510556621881,0.020833241924465205,1.989128908905661e-05
522,0.6532567049808429,0.020831028947424984,1.8959884950748775e-05
523,0.6520076481835564,0.020828612972149697,1.4035302202266524e-05
524,0.6507633587786259,0.02082599711466908,1.9393969796655303e-05
525,0.6495238095238095,0.02082318444085994,2.0792872431073768e-05
526,0.6482889733840305,0.020820177967407153,2.053213347910504e-05
527,0.6470588235294118,0.020816980662742356,1.9463698434866386e-05
528,0.6458333333333334,0.02081359544796094,1.7468861766916795e-05
529,0.6446124763705104,0.020810025197717973,2.074126193303798e-05
530,0.6433962264150943,0.020806272741103596,1.5147982483413401e-05
531,0.6421845574387948,0.020802340862498492,1.8209126969016736e-05
532,0.6409774436090225,0.02079823230240996,1.4369254026904273e-05
533,0.6416510318949343,0.020770116050621523,4.850987426288277e-06
534,0.6423220973782772,0.02074205865805628,5.400913790768621e-06
535,0.6411214953271028,0.020738006264927965,1.730552370034766e-05
536,0.6417910447761194,0.02071012170617325,3.091669498382085e-06
537,0.6424581005586593,0.020682295237359993,5.236800612758079e-06
538,0.6431226765799256,0.0206545268289785,5.601834428126099e-06
539,0.6419294990723562,0.020650641919210518,1.9504619310985383e-05
540,0.6407407407407407,0.020646587194253267,2.092129671530515e-05
541,0.6395563770794824,0.02064236520932646,2.066103100919208e-05
542,0.6402214022140221,0.020614989278535188,5.614114274736637e-06
543,0.6408839779005525,0.020587669286491334,5.551278437602796e-06
544,0.6415441176470589,0.02056040521063678,3.188657223435008e-06
545,0.6403669724770642,0.020556349631215567,2.083877589635825e-05
546,0.6410256410256411,0.020529250487831684,5.496308486554418e-06
547,0.6416819012797075,0.020502206545080087,5.315230172547619e-06
548,0.6423357664233577,0.020475217778075684,5.027855920576214e-06
549,0.6411657559198543,0.020471323821588467,1.4204597786637304e-05
550,0.6418181818181818,0.020444497072708172,5.472389616435991e-06
551,0.6424682395644283,0.02041772479665382,5.194957324618122e-06
552,0.6431159420289855,0.020391006966394367,3.1996926001595546e-06
553,0.64376130198915,0.020364343552814128,5.287873758445471e-06
554,0.644404332129964,0.020337734524756113,5.584716835709436e-06
555,0.645045045045045,0.020311179849064567,5.013108917382126e-06
556,0.6438848920863309,0.020307755271162447,1.7928638435723106e-05
557,0.644524236983842,0.020281357790632917,5.4283626248957275e-06
558,0.6433691756272402,0.02027787605082334,2.058341436339329e-05
559,0.6422182468694096,0.02027423659505651,1.5826568846839466e-05
560,0.6428571428571429,0.02024809676835146,3.1890130473349925e-06
561,0.6417112299465241,0.02024440361069355,1.7517617721817235e-05
562,0.6423487544483986,0.020218417316073118,5.058565229318489e-06
563,0.6412078152753108,0.020214671742335995,1.8090769934732904e-05
564,0.6400709219858156,0.020210774846181823,1.4308323906116764e-05
565,0.6407079646017699,0.020185040842195735,5.271095766175365e-06
566,0.6413427561837456,0.020159357412811926,3.0867846431578456e-06
567,0.6402116402116402,0.020155510751825458,1.821372739335026e-05
568,0.6390845070422535,0.020151516731649232,1.9958666867937107e-05
569,0.6397188049209139,0.020126081302543994,5.467414865625218e-06
570,0.6385964912280702,0.020122040487165704,1.3966745279814582e-05
571,0.6392294220665499,0.020096752315847174,2.9619790803241935e-06
572,0.6398601398601399,0.020071512937629373,3.076882714067709e-06
573,0.6387434554973822,0.02006752360380473,1.8347153398192707e-05
574,0.6376306620209059,0.020063392603769038,1.4129229001418902e-05
575,0.6365217391304347,0.02005912195160147,1.8010531968478306e-05
576,0.6354166666666666,0.02005471363220125,1.771424961927453e-05
577,0.6360485268630849,0.02002990824134363,4.955456973129007e-06
578,0.6349480968858131,0.020025460055318526,1.8312555416558994e-05
579,0.6338514680483592,0.02002087789822702,1.5060579465994389e-05
580,0.6344827586206897,0.01999630947130035,5.124008615037213e-06
581,0.6333907056798623,0.019991690168599925,1.793956476291063e-05
582,0.6323024054982818,0.019986940474164994,2.0934087211717157e-05
583,0.6329331046312179,0.01996260610988191,5.541667849121661e-06
584,0.6335616438356164,0.019938316148792296,3.0433094702851934e-06
585,0.6341880341880342,0.019914070594918645,5.122558965491814e-06
586,0.6331058020477816,0.019909472828168802,1.6909442391215407e-05
587,0.6337308347529813,0.019885364133094028,3.092797275300063e-06
588,0.6343537414965986,0.01986129933142401,5.035977762418417e-06
589,0.633276740237691,0.019856758289435134,2.026366853167888e-05
590,0.6338983050847458,0.019832828627006045,5.316062459944024e-06
591,0.6328257191201354,0.019828252772765304,1.58366527352001e-05
592,0.6317567567567568,0.01982355261446207,1.729639711780755e-05
593,0.6323777403035413,0.01979984728645215,5.3113358901330806e-06
594,0.6313131313131313,0.019795114757362196,2.135156659772446e-05
595,0.6319327731092437,0.01977154152866367,5.412926076418643e-06
596,0.6325503355704698,0.019748010202209492,5.350594306497145e-06
597,0.6314907872696818,0.01974333519261556,1.5112845337976803e-05
598,0.6321070234113713,0.01971993432989989,5.40805073132175e-06
599,0.6310517529215359,0.019715227966810158,2.0499487980390845e-05
600,0.63,0.019710403344427023,1.8238169012458485e-05
601,0.6306156405990017,0.019687219535267145,5.384498590708964e-06
602,0.6312292358803987,0.019664076207814137,3.0494098330850243e-06
603,0.6301824212271974,0.01965930957774643,1.8752805588154357e-05
604,0.6291390728476821,0.01965442756616713,2.121020180080899e-05
605,0.6297520661157024,0.01963149776996337,3.2078613315306147e-06
606,0.6287128712871287,0.019626588214939036,1.791147383874397e-05
607,0.627677100494234,0.019621566237942353,2.1723756818837e-05
608,0.6282894736842105,0.01959884743111204,5.21143069307646e-06
609,0.6272577996715928,0.0195938000156204,1.8763736913612437e-05
610,0.6262295081967213,0.0195886430487791,1.494827539318221e-05
611,0.6252045826513911,0.0195833780215521,1.624471723995245e-05
612,0.6241830065359477,0.019578006404734158,1.7863183943515525e-05
613,0.6247960848287113,0.019555665192673363,3.045575053472525e-06
614,0.6237785016286646,0.019550272727946093,1.6885532551786407e-05
615,0.6227642276422765,0.019544776376202538,1.4081744256655013e-05
616,0.6233766233766234,0.0195226395718137,5.167667960397348e-06
617,0.6223662884927067,0.01951712423686803,1.977672667828979e-05
618,0.6213592233009708,0.019511507637569026,1.7550276620661306e-05
619,0.6219709208400647,0.01948957280841025,3.118532241964784e-06
620,0.6225806451612903,0.01946767318103568,3.1215030920062345e-06
621,0.6215780998389694,0.01946212166681283,1.3637967313894402e-05
622,0.6221864951768489,0.01944033912263909,5.459656539713942e-06
623,0.622792937399679,0.01941859141791992,3.0705708678165467e-06
624,0.6233974358974359,0.01939687858239788,5.447531034390469e-06
625,0.624,0.019375200644122372,5.7036097626874955e-06
626,0.6246006389776357,0.019353557629477734,5.268299348647334e-06
627,0.6251993620414673,0.019331949563210868,3.1155760784586765e-06
628,0.6257961783439491,0.019310376468458467,5.403322970803885e-06
629,0.6248012718600954,0.019305289049417574,1.7264443585800486e-05
630,0.6253968253968254,0.019283829733101127,5.570398619911591e-06
631,0.6259904912836767,0.019262405026236124,5.348127555541884e-06
632,0.625,0.019257375703541274,1.5286265771369717e-05
633,0.6255924170616114,0.019236063450921315,4.987734106307306e-06
634,0.6246056782334385,0.019231014028261252,2.0405845788529795e-05
635,0.6251968503937008,0.01920981329972345,5.2290264342381215e-06
636,0.6257861635220126,0.0191886464509654,3.1066929598453497e-06
637,0.6263736263736264,0.019167513502620068,5.371862815444239e-06
638,0.6269592476489029,0.019146414473849332,5.573710422141398e-06
639,0.6275430359937402,0.019125349382368203,3.115381615492018e-06
640,0.628125,0.019104318244468645,5.342061196265145e-06
641,0.6287051482059283,0.01908332107504306,5.561512260571211e-06
642,0.6277258566978193,0.019078706693940455,1.7272182308055533e-05
643,0.6283048211508554,0.019057817933049944,5.390799377337613e-06
644,0.6273291925465838,0.019053181404252315,1.868974854791004e-05
645,0.627906976744186,0.019032400171269028,5.2938660312288585e-06
646,0.628482972136223,0.01901165219819202,5.577975733179818e-06
647,0.6290571870170015,0.018990937498651286,5.031265495024741e-06
648,0.6280864197530864,0.018986425831531026,1.8555244154043528e-05
649,0.6286594761171033,0.018965817081623704,3.0875194381043236e-06
650,0.6292307692307693,0.0189452412650461,5.274046561289306e-06
651,0.6298003072196621,0.01892469839354807,3.1525179837882933e-06
652,0.6303680981595092,0.0189041884776192,5.635697837271173e-06
653,0.6309341500765697,0.01888371152650946,4.98700448947161e-06
654,0.6314984709480123,0.018863267548249487,3.148910461745926e-06
655,0.6305343511450382,0.01885909111857038,1.6895116430569694e-05
656,0.6310975609756098,0.018838750504977502,5.449983444688215e-06
657,0.6316590563165906,0.018818442526738324,2.9983636474782512e-06
658,0.6306990881458967,0.018814312131176847,1.656075841639133e-05
659,0.629742033383915,0.018810088532810004,1.841665460726641e-05
660,0.6303030303030303,0.018789952194604612,3.0758488535902493e-06
661,0.6308623298033282,0.018769847816313585,5.365239597594479e-06
662,0.6314199395770392,0.018749775405767347,5.1414639581276645e-06
663,0.6319758672699849,0.018729734969659562,3.167057212260622e-06
664,0.6325301204819277,0.018709726513565565,5.449055782856234e-06
665,0.6330827067669172,0.018689750041960527,5.221585363992578e-06
666,0.6321321321321322,0.018685845185530753,1.8905238323728254e-05
667,0.6326836581709145,0.0186659679926069,5.526945624515501e-06
668,0.6332335329341318,0.018646122459837593,5.541557675208265e-06
669,0.6322869955156951,0.01864225999507869,1.6392231443211216e-05
670,0.6328358208955224,0.018622512643163787,5.0394185644423735e-06
671,0.6333830104321908,0.01860279663157443,3.1938437054229272e-06
672,0.6339285714285714,0.018583111963038017,4.916972890378521e-06
673,0.6344725111441307,0.018563458639264837,5.565108590241676e-06
674,0.6350148367952523,0.01854383666096456,5.434135795129525e-06
675,0.6355555555555555,0.01852424602786244,5.1926046704092705e-06
676,0.636094674556213,0.0185046867387153,5.236040898672187e-06
677,0.6366322008862629,0.018485158791327293,3.1914184057978523e-06
678,0.6371681415929203,0.018465662182565405,5.369569491020953e-06
679,0.6377025036818851,0.018446196908374738,3.180365300473847e-06
680,0.638235294117647,0.01842676296379358,4.997597773091924e-06
681,0.6372980910425844,0.018423522688313095,1.8796754373916376e-05
682,0.6378299120234604,0.018404183006274777,5.668103492441749e-06
683,0.6383601756954612,0.01838487433640304,5.19273764064411e-06
684,0.6374269005847953,0.01838166861908136,1.8250936140795826e-05
685,0.637956204379562,0.01836245318888895,5.192963470201082e-06
686,0.6384839650145773,0.018343268457855864,5.1031162749303995e-06
687,0.6375545851528385,0.018340096784852954,1.633505742125535e-05
688,0.6380813953488372,0.018321004286069354,4.931733931951484e-06
689,0.6386066763425254,0.018301942177795204,5.119313676597759e-06
690,0.6391304347826087,0.01828291045382578,5.230303278897996e-06
691,0.638205499276411,0.018279833176734928,1.6956678869560405e-05
692,0.638728323699422,0.018260892394557013,5.447702883055406e-06
693,0.6378066378066378,0.01825778730757334,1.9329874441529884e-05
694,0.638328530259366,0.018238936787903687,2.906496343407988e-06
695,0.6388489208633094,0.018220116054210877,4.90216808329468e-06
696,0.6379310344827587,0.018217043527818107,2.0474444779325594e-05
697,0.6384505021520803,0.01819831209374811,4.8980077756124034e-06
698,0.6375358166189111,0.018195212504673142,1.8842547252474944e-05
699,0.6366237482117311,0.018192027346519292,1.659364320822159e-05
700,0.6371428571428571,0.018173443605385694,3.1063802250846632e-06
701,0.637660485021398,0.018154888789709615,5.33084285817566e-06
702,0.6381766381766382,0.01813636289510569,3.1961985662705606e-06
703,0.6386913229018493,0.018117865916415187,5.545885984235401e-06
704,0.6392045454545454,0.018099397847718322,5.196522637586902e-06
705,0.6397163120567376,0.018080958682346333,3.0985234223665706e-06
706,0.6402266288951841,0.018062548412893443,5.281283290481641e-06
707,0.6407355021216408,0.018044167031228582,3.164592997260561e-06
708,0.6412429378531074,0.018025814528507014,5.508661998038719e-06
709,0.6417489421720733,0.018007490895181756,5.688912740958447e-06
710,0.6408450704225352,0.018004798505064906,1.7226131064055985e-05
711,0.6413502109704642,0.017986559987024055,3.0598275718934564e-06
712,0.6418539325842697,0.017968350054088453,3.1641837298520417e-06
713,0.6423562412342216,0.017950168696018363,5.6330786802599985e-06
714,0.6414565826330533,0.01794755959120352,1.787174715712113e-05
715,0.641958041958042,0.017929462190438842,4.944905543130759e-06
716,0.6424581005586593,0.01791139308412366,5.381048962280324e-06
717,0.6415620641562064,0.01790881062205307,1.8638921193055546e-05
718,0.6420612813370473,0.017890824601933628,5.353561788973037e-06
719,0.6425591098748261,0.017872866599657363,5.09985451766553e-06
720,0.6430555555555556,0.01785493660435132,3.1762188262905743e-06
721,0.6435506241331485,0.017837034604514287,5.198304948304469e-06
722,0.6440443213296398,0.017819160588026826,3.0815534141900226e-06
723,0.6445366528354081,0.01780131454216115,1.2309085789925037e-05
724,0.643646408839779,0.0177989737283853,1.6407945616646253e-05
725,0.6441379310344828,0.017781208866126785,5.1884508749712205e-06
726,0.6446280991735537,0.017763471701783454,5.60564075258246e-06
727,0.6451169188445667,0.017745762222098914,5.3695654737535246e-06
728,0.6456043956043956,0.017728080413239748,5.487431238900914e-06
729,0.6460905349794238,0.0177104262608048,4.755603652938132e-06
730,0.6452054794520548,0.017708266343720254,1.5685424004427336e-05
731,0.6456908344733242,0.017690691777938857,5.291290118071833e-06
732,0.6461748633879781,0.01767314459980943,3.1372209386563427e-06
733,0.6466575716234653,0.017655624794477458,3.229248882791609e-06
734,0.6471389645776566,0.01763813234654983,5.298350339480763e-06
735,0.6476190476190476,0.01762066724010349,5.468531545962458e-06
736,0.6480978260869565,0.017603229458693977,5.311978438098274e-06
737,0.6485753052917232,0.017585818985363898,3.1614584928500923e-06
738,0.6490514905149052,0.01756843580265121,3.0353089948050898e-06
739,0.6495263870094723,0.017551079892597424,5.596435049999584e-06
740,0.6486486486486487,0.017549296561513807,2.063960446237157e-05
741,0.6477732793522267,0.01754743168820473,1.8733098373994543e-05
742,0.6482479784366577,0.01753020254300309,5.665325411615942e-06
743,0.6473755047106325,0.017528306682137045,1.4000723858416893e-05
744,0.646505376344086,0.017526330985852174,1.8462205137535526e-05
745,0.6469798657718121,0.017509227444837013,5.099265153606721e-06
746,0.6474530831099196,0.01749215022265806,5.566622838497378e-06
747,0.6479250334672021,0.017475099303896013,2.9730488325573437e-06
748,0.6483957219251337,0.017458074672650096,5.427927964216781e-06
749,0.6488651535380507,0.017441076312545722,5.23558555049553e-06
750,0.648,0.01743926603960155,1.796456942555946e-05
751,0.6484687083888149,0.017422342154953138,5.394281088978448e-06
752,0.648936170212766,0.01740544429081249,3.1579679904264546e-06
753,0.649402390438247,0.0173885724304911,3.126206137886826e-06
754,0.649867374005305,0.017371726556850552,3.2202777064712626e-06
755,0.6503311258278146,0.017354906652309786,5.510465539905466e-06
756,0.6494708994708994,0.01735325664400181,1.4949405862308641e-05
757,0.6499339498018494,0.017336509786984502,5.318565197765278e-06
758,0.6503957783641161,0.017319788652235792,3.0591515422954697e-06
759,0.6495388669301713,0.017318154672515962,1.8946020905403437e-05
760,0.6486842105263158,0.017316443567199594,1.604164543838341e-05
761,0.6491458607095927,0.017299841333430935,5.286682879237345e-06
762,0.6496062992125984,0.017283264371747445,5.328844272912324e-06
763,0.6500655307994757,0.017266712665485573,3.050469826734499e-06
764,0.6492146596858639,0.017265064191532505,1.4168343668357095e-05
765,0.6483660130718955,0.01726334005978577,1.5987089676223053e-05
766,0.6488250652741514,0.017246905347192552,2.9509068597765013e-06
767,0.6492829204693612,0.017230495450684533,3.1386336017246343e-06
768,0.6497395833333334,0.017214110354316095,5.518614252504123e-06
769,0.6488946684005201,0.017212448156782748,1.92195671109822e-05
770,0.6493506493506493,0.017196133042300315,5.188503845198377e-06
771,0.6498054474708171,0.01717984249658917,4.955072351021635e-06
772,0.6502590673575129,0.017163576503447717,5.301703858460267e-06
773,0.6507115135834411,0.017147335046279837,5.001966813874914e-06
774,0.6511627906976745,0.017131118108101098,5.414057844292906e-06
775,0.6503225806451612,0.017129605450823322,1.946978893183919e-05
776,0.6507731958762887,0.017113457183145175,5.178962714261266e-06
777,0.6512226512226512,0.017097333206564976,5.466001026930881e-06
778,0.6503856041131105,0.01709583489599662,2.0680941098239402e-05
779,0.6508344030808729,0.01707977893087749,5.473033651402101e-06
780,0.65,0.01707825127659933,1.7913747560527298e-05
781,0.649167733674776,0.01707665129646513,1.8133142623943618e-05
782,0.6483375959079284,0.017074979737727532,1.8381978791496386e-05
783,0.648786717752235,0.017059078197271812,5.293476135698717e-06
784,0.6492346938775511,0.01704320014261155,5.217894325965769e-06
785,0.6484076433121019,0.017041544269553267,1.584793673923992e-05
786,0.648854961832061,0.017025732669963968,5.265473610733908e-06
787,0.6493011435832274,0.01700994434181786,5.002535308868878e-06
788,0.649746192893401,0.016994179270520667,3.1286090074298207e-06
789,0.6501901140684411,0.016978437441114422,5.346420082697837e-06
790,0.6506329113924051,0.016962718838283056,5.510858908422731e-06
791,0.6510745891276865,0.016947023446357894,3.1519240801692973e-06
792,0.6515151515151515,0.016931351249323115,5.283336133216364e-06
793,0.6519546027742749,0.01691570223082111,5.340064693134963e-06
794,0.6523929471032746,0.016900076374157778,5.540880391358331e-06
795,0.6528301886792452,0.016884473662307782,3.177502300842207e-06
796,0.6532663316582915,0.01686889407791968,5.614783443136636e-06
797,0.6537013801756587,0.01685333760332105,5.600854280383942e-06
798,0.6541353383458647,0.016837804220523497,5.4976827013131436e-06
799,0.6545682102628285,0.01682229391122766,5.45278196823985e-06
800,0.65375,0.016821152513279224,2.090742299945352e-05
801,0.6529338327091136,0.016819941007528982,1.7506421523954825e-05
802,0.6533665835411472,0.0168045345921569,5.286385549557859e-06
803,0.6537982565379825,0.01678915086913114,5.382515188431361e-06
804,0.654228855721393,0.016773789820843054,4.860623830536522e-06
805,0.653416149068323,0.016772629478814513,2.116588651153617e-05
806,0.652605459057072,0.016771400308861355,1.681138772575302e-05
807,0.6530359355638166,0.016756141577868706,5.128353486949352e-06
808,0.6534653465346535,0.016740905149187944,5.163713000240318e-06
809,0.65389369592089,0.016725691005874493,3.0681011562219856e-06
810,0.6530864197530865,0.016724512507877484,1.5127030724688845e-05
811,0.6522811344019729,0.01672326642975152,1.761309167543717e-05
812,0.6527093596059114,0.016708153060129946,5.517197815387153e-06
813,0.6519065190651907,0.016706879266957953,1.9224446807020118e-05
814,0.6523341523341524,0.016691826849634404,5.370433471200511e-06
815,0.652760736196319,0.016676796174515344,5.412554513665923e-06
816,0.6531862745098039,0.016661787225749104,4.95918761988744e-06
817,0.653610771113831,0.01664679998719652,5.343213053938335e-06
818,0.6528117359413202,0.016645614904484934,1.6557961411121176e-05
819,0.6532356532356532,0.016630687706731526,3.064277623741888e-06
820,0.6536585365853659,0.016615782026708156,5.545230909864973e-06
821,0.6528623629719854,0.01661460761925493,1.8811738805595884e-05
822,0.6532846715328468,0.016599761433554804,3.171476958570925e-06
823,0.6537059538274606,0.01658493657547792,5.145830080997027e-06
824,0.654126213592233,0.016570133028939425,5.264835016536943e-06
825,0.6545454545454545,0.016555350777585343,4.985404532283164e-06
826,0.6537530266343826,0.016554262042401128,1.899690375543617e-05
827,0.6541717049576784,0.01653953840289826,3.184412388543215e-06
828,0.6545893719806763,0.01652483587114806,5.443542272758197e-06
829,0.6550060313630881,0.016510154430706348,5.032158551092965e-06
830,0.655421686746988,0.016495494064872454,5.241229081539694e-06
831,0.6558363417569194,0.016480854756693177,5.400607725575692e-06
832,0.65625,0.016466236488966654,4.9137015960287495e-06
833,0.6554621848739496,0.016465304533789155,1.8617714129611546e-05
834,0.6558752997601919,0.016450743677280246,5.2223776815719285e-06
835,0.6562874251497006,0.016436203676806913,3.1971680118403106e-06
836,0.6566985645933014,0.016421684515112153,5.136902127367644e-06
837,0.6559139784946236,0.016420796882697784,1.4950577236939865e-05
838,0.6563245823389021,0.016406334453823054,5.193248130535592e-06
839,0.6567342073897497,0.016391892681749606,5.654354817210251e-06
840,0.655952380952381,0.016391012885815095,2.0184498713855167e-05
841,0.6563614744351962,0.016376627341506616,3.218317579609769e-06
842,0.6555819477434679,0.01637571987271347,1.5091511099691854e-05
843,0.6559905100830368,0.016361390218263817,3.050894950285489e-06
844,0.6563981042654028,0.01634708087997461,5.448833391953015e-06
845,0.6556213017751479,0.016346181373146355,2.0762339926642175e-05
846,0.6560283687943262,0.016331927430134924,3.1846849159766406e-06
847,0.6564344746162928,0.016317693627669175,5.57966138661859e-06
848,0.6568396226415094,0.01630347994922551,5.470011242178932e-06
849,0.6560659599528857,0.016302623089681664,1.7180764301868446e-05
850,0.6564705882352941,0.016288464161063086,3.0714402938365546e-06
851,0.6568742655699178,0.016274325183144884,5.368611603439334e-06
852,0.6572769953051644,0.01626020613936295,5.219897248909944e-06
853,0.6576787807737398,0.016246107012938764,4.912206027951115e-06
854,0.65807962529274,0.01623202778688263,5.461577150074024e-06
855,0.6584795321637427,0.016217968443996953,5.174386256625739e-06
856,0.6577102803738317,0.016217255559402788,1.9415102828214805e-05
857,0.6581096849474912,0.016203249869429316,5.342353081468011e-06
858,0.6585081585081585,0.016189263892120272,3.163405103192291e-06
859,0.6589057043073341,0.01617529761026559,5.210516631372393e-06
860,0.6593023255813953,0.016161351006456916,3.210649211135302e-06
861,0.6596980255516841,0.01614742406309067,5.561405566190599e-06
862,0.660092807424594,0.016133516762371045,5.260354969069938e-06
863,0.660486674391657,0.016119629086313012,5.4428777946752645e-06
864,0.6608796296296297,0.01610576101674524,5.329507613665758e-06
865,0.661271676300578,0.016091912535313,3.1482768010958816e-06
866,0.6605080831408776,0.016091437456205577,1.4166772754224453e-05
867,0.6608996539792388,0.016077641109800568,5.286688799446032e-06
868,0.6612903225806451,0.016063864184456742,5.503281404183055e-06
869,0.6616800920598389,0.016050106661849858,4.966054482032419e-06
870,0.6609195402298851,0.016049667936988258,1.5612453575113617e-05
871,0.661308840413318,0.016035961953688654,5.686058974523533e-06
872,0.661697247706422,0.016022275208247314,5.036122685744414e-06
873,0.6620847651775487,0.016008607682375855,3.1818478120904606e-06
874,0.6624713958810069,0.015994959357616526,5.197028973740261e-06
875,0.6628571428571428,0.015981330215344876,5.028233490844668e-06
876,0.6621004566210046,0.015980990489819054,1.9882973460985822e-05
877,0.661345496009122,0.01598059081161337,1.8774215291265704e-05
878,0.6617312072892938,0.01596704381349539,5.2160613547678905e-06
879,0.6621160409556314,0.01595351571143586,3.081392899192409e-06
880,0.6625,0.015940006487394597,4.86621123223673e-06
881,0.6617480136208853,0.015939641404144986,1.7728233681371457e-05
882,0.6621315192743764,0.01592618212764813,2.978878074051485e-06
883,0.6613816534541337,0.015925789178587876,1.560502255752161e-05
884,0.6617647058823529,0.015912379565958278,5.392515304092181e-06
885,0.6621468926553672,0.01589898853344692,5.371338371489817e-06
886,0.6613995485327314,0.01589859888957915,2.1037840201337895e-05
887,0.6617812852311161,0.015885257101416167,3.0813203156715313e-06
888,0.661036036036036,0.015884840182786172,1.8066520918717036e-05
889,0.6614173228346457,0.01587154736070352,5.543516876174297e-06
890,0.6606741573033708,0.015871103526937082,1.7255744799347457e-05
891,0.6599326599326599,0.015870602753119436,1.498616840090594e-05
892,0.6591928251121076,0.01587004555055563,1.4465179880000873e-05
893,0.6595744680851063,0.015856862155521532,5.197972073084603e-06
894,0.6599552572706935,0.01584369667927051,3.1727717298200856e-06
895,0.6603351955307263,0.015830549106048752,5.43095296147626e-06
896,0.6607142857142857,0.015817419419943763,4.982015539172931e-06
897,0.6610925306577481,0.015804307604886717,3.1941386374963727e-06
898,0.6614699331848553,0.015791213644654866,4.938502283696567e-06
899,0.6618464961067854,0.015778137522873822,5.176693855316193e-06
900,0.6611111111111111,0.015777734307017146,1.8637000409125958e-05
901,0.6614872364039955,0.015764705534762783,3.0112541910035006e-06
902,0.6618625277161863,0.015751694454352812,5.551974771574115e-06
903,0.6622369878183831,0.015738701049445893,5.084107656719864e-06
904,0.6626106194690266,0.015725725303555878,5.318171243378234e-06
905,0.661878453038674,0.015725383865767866,1.4264626557953454e-05
906,0.6611479028697572,0.015724987265624765,1.62093032958106e-05
907,0.6604189636163176,0.015724535989889085,2.1174062765808085e-05
908,0.6607929515418502,0.01571166500115237,3.025297622642848e-06
909,0.6611661166116611,0.015698811305624037,3.2390593525628517e-06
910,0.6615384615384615,0.01568597488777748,5.022320340132764e-06
911,0.6619099890230515,0.01567315573194357,5.049246787052169e-06
912,0.6622807017543859,0.015660353822312775,3.1294098070574523e-06
913,0.6615553121577218,0.015659992247414115,1.9173186472339944e-05
914,0.661925601750547,0.015647236020271932,5.044091611147922e-06
915,0.6612021857923497,0.015646849062004344,1.863942449779423e-05
916,0.6615720524017468,0.015634138266879687,5.434931289719592e-06
917,0.6619411123227917,0.015621444455294616,5.436844102438718e-06
918,0.6623093681917211,0.015608767611781859,5.617720664362547e-06
919,0.661588683351469,0.015608411888076032,2.035250465083075e-05
920,0.6608695652173913,0.015608003207202759,1.2722605224118114e-05
921,0.6601520086862106,0.015607542029471096,1.4013384857239288e-05
922,0.6605206073752712,0.015594966045238478,5.314994304912721e-06
923,0.6608884073672806,0.015582406682619886,5.610752402826019e-06
924,0.6601731601731602,0.015581949220662557,1.84414599281321e-05
925,0.6594594594594595,0.01558144013012075,1.5897345533660177e-05
926,0.6598272138228942,0.015568952799595663,5.131252373222282e-06
927,0.6591154261057174,0.015568420210416593,1.781024565209902e-05
928,0.6594827586206896,0.015555976845828328,2.9041946408409742e-06
929,0.6598493003229279,0.015543549750433755,5.0865152916369646e-06
930,0.6591397849462366,0.015543021420867078,1.8754985650236123e-05
931,0.6584317937701396,0.015542442730086519,2.067836610779336e-05
932,0.6587982832618026,0.01553008658397969,3.062210181369537e-06
933,0.6591639871382636,0.015517746477253578,5.52762855749108e-06
934,0.6595289079229122,0.015505422396736,5.518974224417742e-06
935,0.6588235294117647,0.015504875427994792,1.792020301515083e-05
936,0.6581196581196581,0.015504278900568918,1.7630697389381804e-05
937,0.6584845250800427,0.015492024846423811,3.1558633060373125e-06
938,0.6588486140724946,0.015479786593215018,5.16220610573908e-06
939,0.65814696485623,0.015479194786978036,1.949252598213567e-05
940,0.6585106382978724,0.015466999101945265,5.216707555467679e-06
941,0.6588735387885228,0.015454819094172333,3.187270603262697e-06
942,0.6592356687898089,0.015442654751016402,5.388184941631325e-06
943,0.6595970307529162,0.015430506059704993,4.85552755121771e-06
944,0.659957627118644,0.015418373007337817,3.157662175605943e-06
945,0.6603174603174603,0.015406255580888593,5.609117849523753e-06
946,0.6596194503171248,0.015405774125515564,1.4646018066365856e-05
947,0.6589229144667371,0.015405244216637155,1.58484800504107e-05
948,0.6592827004219409,0.015393194745020159,5.338095170342658e-06
949,0.6596417281348789,0.015381160682438708,3.2016748537778565e-06
950,0.6589473684210526,0.015380634921944171,1.910569778144977e-05
951,0.6593059936908517,0.015368642210025566,5.182287972186715e-06
952,0.6596638655462185,0.015356664787711617,5.23241962827403e-06
953,0.6600209863588667,0.015344702642491997,5.4414705564858435e-06
954,0.660377358490566,0.01533275576173587,5.1378899025650374e-06
955,0.6607329842931937,0.015320824132693566,3.2178241167100907e-06
956,0.6610878661087866,0.015308907742498283,5.377918613784142e-06
957,0.6614420062695925,0.015297006578167726,5.319001284062069e-06
958,0.6607515657620042,0.015296612738733124,1.3942502309793731e-05
959,0.6611053180396246,0.015284752074689505,4.706887582811336e-06
960,0.6614583333333334,0.015272906519021622,5.533558105709545e-06
961,0.6607700312174818,0.015272515732433531,1.5886236586762012e-05
962,0.66008316008316,0.015272077909621064,1.8760843620932473e-05
963,0.660436137071651,0.015260297611774273,5.003742375425354e-06
964,0.6597510373443983,0.015259838200178642,1.5526483284647958e-05
965,0.6601036269430052,0.015248097771098848,3.1725246633131344e-06
966,0.660455486542443,0.015236372142495902,5.327683985168713e-06
967,0.6608066184074457,0.015224661302130623,3.2051321970507443e-06
968,0.6611570247933884,0.015212965237653333,5.565218968474271e-06
969,0.6615067079463365,0.015201283936605386,5.216821669108552e-06
970,0.6608247422680412,0.015200902112216015,1.6360759047731806e-05
971,0.6611740473738414,0.015189260070060585,4.835921523603225e-06
972,0.661522633744856,0.015177632678802021,5.104101925838409e-06
973,0.6618705035971223,0.015166019926002453,3.1832950889993075e-06
974,0.6611909650924025,0.015165665343487471,1.920217405049639e-05
975,0.6615384615384615,0.015154091448670004,5.410711669943534e-06
976,0.6618852459016393,0.015142532081102519,3.0944171433612557e-06
977,0.661207778915046,0.015142180203238455,1.575717975368018e-05
978,0.6615541922290389,0.01513065939593683,3.1182849283136904e-06
979,0.6618998978549541,0.015119153005855158,5.025038924687136e-06
980,0.6612244897959184,0.015118803803847393,1.8620089435120403e-05
981,0.6605504587155964,0.015118409641826584,1.9714153234331475e-05
982,0.659877800407332,0.015117970886463047,1.4037836357466201e-05
983,0.6602238046795524,0.0151065504380835,5.416837395966388e-06
984,0.6605691056910569,0.015095144130437211,5.44608007425302e-06
985,0.6609137055837564,0.01508375195200277,5.381354414488014e-06
986,0.6612576064908722,0.015072373891157386,5.119760750024654e-06
987,0.6616008105369807,0.015061009936178265,5.267216390154302e-06
988,0.6619433198380567,0.015049660075244012,5.2348402020730746e-06
989,0.6612740141557129,0.015049318731934406,1.8253037437284334e-05
990,0.6606060606060606,0.015048933426302853,1.5701662855656625e-05
991,0.6609485368314834,0.01503764427025031,5.566870442393857e-06
992,0.6602822580645161,0.015037238646729305,1.84567547439499e-05
993,0.6606243705941591,0.015025986606064497,3.028506368382695e-06
994,0.6599597585513078,0.015025560905582578,2.0905517796104012e-05
995,0.6603015075376885,0.015014345792575833,3.177428067332466e-06
996,0.6596385542168675,0.01501390025312515,1.9393061290063196e-05
997,0.6599799398194583,0.015002721881275516,5.007537624879458e-06
998,0.6603206412825652,0.014991557142266668,5.400029182331291e-06
999,0.6606606606606606,0.014980406025230451,5.510719601237951e-06
1000,0.661,0.014969268519202933,5.0515306956922215e-06
1001,0.6603396603396603,0.014968871907928345,1.961726148724326e-05
1002,0.6606786427145709,0.014957770688423739,3.18272771786361e-06
1003,0.6600199401794616,0.014957354424856996,1.7726635632527664e-05
1004,0.6593625498007968,0.014956896160299724,1.6812419160547757e-05
1005,0.6587064676616915,0.01495639622975539,1.7483907938112458e-05
1006,0.658051689860835,0.01495585496538598,1.9017719642483894e-05
1007,0.6583912611717975,0.01494485754416215,4.962665807939304e-06
1008,0.6587301587301587,0.014933873313124063,5.43554493091237e-06
1009,0.6580773042616452,0.014933336035561918,2.1351745343811795e-05
1010,0.6574257425742575,0.014932758048849809,2.0136114656194808e-05
1011,0.6577645895153313,0.014921831744339859,3.1741374292671846e-06
1012,0.658102766798419,0.01491091845794785,3.168786904708391e-06
1013,0.6584402764067128,0.014900018180162242,5.409661941448355e-06
1014,0.6577909270216963,0.014899466630302203,1.5756663307300805e-05
1015,0.6581280788177339,0.014888601474994037,3.218140436363686e-06
1016,0.6584645669291339,0.014877749234061453,5.123411364484209e-06
1017,0.6588003933136677,0.014866909897987262,3.1588102643568674e-06
1018,0.6591355599214146,0.014856083457161487,5.427509841305612e-06
1019,0.6594700686947988,0.014845269901882589,5.354510366896846e-06
1020,0.6588235294117647,0.01484478803714737,1.440682243527081e-05
1021,0.6591576885406464,0.014834009095178749,5.294455069469934e-06
1022,0.6594911937377691,0.014823242945748095,3.048659953622884e-06
1023,0.6598240469208211,0.014812489579155874,5.183207228881261e-06
1024,0.6591796875,0.014812032794827365,1.9915858722593475e-05
1025,0.6585365853658537,0.014811536410169968,1.8290724344996794e-05
1026,0.6588693957115009,0.014800838811981826,5.3406296685006776e-06
1027,0.6592015579357352,0.01479015383254335,5.450670007838143e-06
1028,0.6595330739299611,0.014779481462423182,3.1918344203659725e-06
1029,0.6588921282798834,0.01477901000097866,1.423964800231075e-05
1030,0.6592233009708738,0.014768371492211968,5.294370601458696e-06
1031,0.6595538312318138,0.014757745502528839,5.292022840607134e-06
1032,0.6598837209302325,0.014747132022500302,4.970511073276298e-06
1033,0.6602129719264279,0.014736531042612949,5.067259454282811e-06
1034,0.660541586073501,0.014725942553270047,5.165971619863915e-06
1035,0.6608695652173913,0.014715366544792606,5.116133347070612e-06
1036,0.6611969111969112,0.014704803007420454,5.375338359966492e-06
1037,0.660559305689489,0.01470443977314188,1.70863171985626e-05
1038,0.6608863198458574,0.014693909453754022,5.164928331987849e-06
1039,0.6612127045235804,0.014683391516589225,5.040805159685317e-06
1040,0.6615384615384615,0.014672885951900787,5.263099719413075e-06
1041,0.6618635926993276,0.014662392749863999,5.3185098929122815e-06
1042,0.6612284069097889,0.014662073261567527,1.8655592833311863e-05
1043,0.660594439117929,0.014661715204460864,2.1136507767613928e-05
1044,0.6609195402298851,0.01465127528259312,5.538109266972112e-06
1045,0.661244019138756,0.014640847567825011,3.125691000894817e-06
1046,0.6615678776290631,0.0146304320505936,5.0844353597654815e-06
1047,0.6609360076408787,0.014630096853712606,1.6976186775353994e-05
1048,0.6603053435114504,0.014629723639912856,1.5729174121417972e-05
1049,0.6596758817921831,0.014629312699539388,1.7451473191922894e-05
1050,0.659047619047619,0.014628864320575051,1.5533656894187532e-05
1051,0.659372026641294,0.014618541890588645,3.2235652281862194e-06
1052,0.6596958174904943,0.014608231372638596,5.152748612779124e-06
1053,0.6600189933523267,0.014597932757890798,3.0624891523090712e-06
1054,0.6603415559772297,0.014587646037434326,2.961718937782606e-06
1055,0.6597156398104266,0.014587240883307118,1.7775546643135852e-05
1056,0.6600378787878788,0.014576985978614239,5.372819787219181e-06
1057,0.6594134342478714,0.01457656382172807,1.6574478260354647e-05
1058,0.6597353497164461,0.01456634058131858,3.2087902483301106e-06
1059,0.660056657223796,0.014556129078407355,3.117775392753039e-06
1060,0.660377358490566,0.014545929304246604,5.616862100741592e-06
1061,0.6606974552309143,0.014535741250014675,3.1126673496411056e-06
1062,0.6610169491525424,0.014525564906817017,5.2885505622116325e-06
1063,0.6613358419567262,0.014515400265687076,3.1352220410139386e-06
1064,0.6607142857142857,0.014515059536659493,1.4111201719955017e-05
1065,0.6610328638497652,0.014504926045560402,5.5504475911849266e-06
1066,0.6604127579737336,0.014504568313139336,1.9909581540096476e-05
1067,0.6607310215557638,0.014494465825244331,5.301522239165347e-06
1068,0.6610486891385767,0.014484374886373703,2.9882278493520067e-06
1069,0.6613657623947614,0.014474295487725929,5.153775486563297e-06
1070,0.6607476635514019,0.014473959493626653,1.5435100236484644e-05
1071,0.6601307189542484,0.014473587549464137,1.957696064098894e-05
1072,0.6604477611940298,0.014463558038280245,5.6568101112456655e-06
1073,0.6598322460391426,0.014463169573632233,1.9038803495345524e-05
1074,0.660148975791434,0.014453170560418956,5.692211598738652e-06
1075,0.6604651162790698,0.014443182875959634,5.2728860416496095e-06
1076,0.6598513011152416,0.014442797098923505,1.829996383790602e-05
1077,0.6601671309192201,0.014432839700262328,3.123755240999465e-06
1078,0.6595547309833024,0.01443243769149138,1.6323218314088954e-05
1079,0.659870250231696,0.014422510437268492,4.75702946496219e-06
1080,0.6601851851851852,0.0144125943653455,5.2444339948016536e-06
1081,0.6604995374653099,0.014402689467516381,5.331254446965186e-06
1082,0.6608133086876156,0.014392795735507734,5.594337317791796e-06
1083,0.6602031394275162,0.014392433957924257,1.5912914174445724e-05
1084,0.6605166051660517,0.014382570025574668,5.319796720181644e-06
1085,0.6599078341013825,0.014382192156892924,1.7855088809648306e-05
1086,0.6602209944751382,0.014372357886084904,5.107745306715729e-06
1087,0.6605335786568537,0.014362534637649622,5.6498910184792946e-06
1088,0.6599264705882353,0.01436215935464789,1.6478320780220136e-05
1089,0.660238751147842,0.01435236556367137,4.900612287957414e-06
1090,0.6605504587155964,0.01434258272028673,4.941938424338744e-06
1091,0.6608615948670944,0.01433281081644218,5.4304138809488074e-06
1092,0.6602564102564102,0.01433245641021342,1.899703134069498e-05
1093,0.6596523330283623,0.014332067977606404,1.767662863683631e-05
1094,0.6590493601462523,0.014331645767942878,1.8127353437648612e-05
1095,0.6584474885844749,0.014331190028600747,1.443309003510413e-05
1096,0.6587591240875912,0.01432150202253644,5.276163404981262e-06
1097,0.659070191431176,0.014311824709837424,3.190352444382204e-06
1098,0.6593806921675774,0.014302158083051315,5.152982459406873e-06
1099,0.6596906278434941,0.014292502134661057,5.474295880296974e-06
1100,0.66,0.0142828568570857,3.215476359229693e-06
1101,0.659400544959128,0.014282458333427023,1.2779739765887498e-05
1102,0.6588021778584392,0.014282026712981727,1.9242529545922882e-05
1103,0.658204895738894,0.014281562236435738,1.9936000747565794e-05
1104,0.657608695652174,0.01428106514261549,1.679038353953026e-05
1105,0.6579185520361991,0.014271502184099628,3.1697576742830523e-06
1106,0.6582278481012658,0.014261949657521351,5.436213706916211e-06
1107,0.6576332429990966,0.014261455900141407,1.916115107901883e-05
1108,0.657942238267148,0.014251931573793165,5.446713713890894e-06
1109,0.6582506762849414,0.014242417610175945,5.30593531366587e-06
1110,0.6585585585585586,0.014232914002341439,5.434748741502612e-06
1111,0.6588658865886589,0.014223420743278443,5.121316483952171e-06
1112,0.6591726618705036,0.014213937825913597,4.79408852936357e-06
1113,0.6594788858939802,0.014204465243112134,4.90311644911941e-06
1114,0.6597845601436265,0.014195002987678604,5.0886251806854895e-06
1115,0.6600896860986547,0.01418555105235761,5.110143520685359e-06
1116,0.660394265232975,0.014176109429834528,3.2190087327711082e-06
1117,0.6606982990152194,0.014166678112736213,5.229516538652117e-06
1118,0.6601073345259392,0.014166327376339664,1.6160654299682476e-05
1119,0.6604110813226095,0.014156923579817123,5.532415128155606e-06
1120,0.6607142857142857,0.014147530020647817,5.062362878159726e-06
1121,0.6601248884924175,0.014147181614120808,1.955336142853047e-05
1122,0.660427807486631,0.014137815391736839,5.292273079126883e-06
1123,0.6607301869991096,0.014128459339262206,5.3961929571898394e-06
1124,0.6610320284697508,0.014119113449395523,5.376379234586821e-06
1125,0.6613333333333333,0.0141097777147797,3.090813361201557e-06
1126,0.6607460035523979,0.014109465548547875,2.0254052151260367e-05
1127,0.6610470275066548,0.014100156849715386,5.1714186957848115e-06
1128,0.6613475177304965,0.014090858239438167,4.958918958855899e-06
1129,0.6616474756421612,0.014081569710369175,5.505545296638609e-06
1130,0.6619469026548672,0.014072291255107663,5.100165453120001e-06
1131,0.6622458001768347,0.014063022866199842,5.369545785480529e-06
1132,0.6625441696113075,0.014053764536139528,5.619441955833531e-06
1133,0.6628420123565755,0.014044516257368779,5.145081674591373e-06
1134,0.6622574955908289,0.014044289516066812,1.4904325562021662e-05
1135,0.6625550660792952,0.014035067801287793,5.376147450592044e-06
1136,0.6628521126760564,0.014025856072042405,5.2409951666445225e-06
1137,0.662269129287599,0.014025630818594002,1.614892215867615e-05
1138,0.6625659050966608,0.0140164454783996,5.223756285678504e-06
1139,0.6628621597892889,0.014007270058583494,4.966599871290751e-06
1140,0.6622807017543859,0.014007046279356011,1.5054029100200313e-05
1141,0.6625766871165644,0.013997897075258765,4.891558452450559e-06
1142,0.6619964973730298,0.013997658511939555,1.8576185924709086e-05
1143,0.6614173228346457,0.013997389079401693,1.7305533751442205e-05
1144,0.6608391608391608,0.013997088993704639,2.0479079860165672e-05
1145,0.6602620087336245,0.013996758469293566,1.6870872629638084e-05
1146,0.6605584642233857,0.013987684048176538,5.568349204594072e-06
1147,0.6608544027898866,0.01397861927914456,5.507142827935053e-06
1148,0.6611498257839721,0.013969564155386504,5.190182873939139e-06
1149,0.6614447345517842,0.013960518670040771,5.136627932869858e-06
1150,0.6608695652173913,0.013960222465736041,1.70664518520314e-05
1151,0.6602953953084274,0.01395989621054932,1.689928663614489e-05
1152,0.6597222222222222,0.013959540113517297,1.4221069316734933e-05
1153,0.6600173460537727,0.013950552279396672,5.244547956488346e-06
1154,0.6603119584055459,0.013941573925807334,3.1691838865105227e-06
1155,0.6597402597402597,0.013941220123928249,1.8345616743633928e-05
1156,0.6600346020761245,0.01393226713760961,3.2058541362603387e-06
1157,0.6594641313742438,0.013931899773260821,1.9541409009440318e-05
1158,0.6597582037996546,0.013922972043866576,5.411027684599732e-06
1159,0.6600517687661778,0.013914053680778814,5.509998081314391e-06
1160,0.6603448275862069,0.01390514467761748,5.44520939331909e-06
1161,0.6606373815676141,0.01389624502795331,5.1509943357151006e-06
1162,0.6609294320137694,0.013887354725308389,5.463631352178001e-06
1163,0.6612209802235598,0.013878473763156735,3.101464384863914e-06
1164,0.6615120274914089,0.01386960213492485,3.126325068762332e-06
1165,0.6618025751072961,0.013860739833992284,4.903041777491653e-06
1166,0.6612349914236707,0.013860468532564226,1.5436693370310955e-05
1167,0.6606683804627249,0.013860168111723917,1.4934909118221537e-05
1168,0.660958904109589,0.013851346034804361,5.645598357518987e-06
1169,0.6612489307100086,0.013842533180235423,5.333800332666835e-06
1170,0.6606837606837607,0.013842234672503314,1.668064383849111e-05
1171,0.6609735269000854,0.013833446381946023,5.48663115726019e-06
1172,0.6612627986348123,0.013824667255451352,5.271985568047595e-06
1173,0.6606990622335891,0.013824370643814716,1.8777742484290582e-05
1174,0.6609880749574105,0.013815615924538699,5.385318250277644e-06
1175,0.6604255319148936,0.013815305995635465,2.0461753356719265e-05
1176,0.6598639455782312,0.013814967694551329,1.269031458282713e-05
1177,0.6601529311809685,0.013806252466393542,2.9998694969333254e-06
1178,0.6604414261460102,0.013797546248973362,5.046573723299897e-06
1179,0.6607294317217981,0.013788849036177143,5.342661969560836e-06
1180,0.6610169491525424,0.013780160821845971,5.379503564524822e-06
1181,0.6613039796782387,0.013771481599776186,5.011350639137814e-06
1182,0.6607445008460237,0.013771190576276406,1.9885536257520964e-05
1183,0.6610312764158918,0.013762535299367273,5.042644302753101e-06
1184,0.660472972972973,0.01376223119828615,1.5109600459753738e-05
1185,0.659915611814346,0.013761899250060399,1.5721576384649306e-05
1186,0.6593591905564924,0.013761539642907755,1.6507602158104476e-05
1187,0.6588037068239259,0.013761152563691634,1.5616386392270923e-05
1188,0.6590909090909091,0.013752565804212025,3.132893266618382e-06
1189,0.6585365853658537,0.013752166313041143,1.5888055118048154e-05
1190,0.6588235294117647,0.013743603141654155,5.572051472775674e-06
1191,0.6591099916036943,0.01373504867821763,5.435846347761844e-06
1192,0.6585570469798657,0.013734651679452712,1.894666835525318e-05
1193,0.6588432523051132,0.013726120655978375,5.502841360833125e-06
1194,0.6582914572864321,0.013725711441109505,1.676272072523214e-05
1195,0.6585774058577406,0.013717203758608059,3.150790411376134e-06
1196,0.6588628762541806,0.013708704682443278,5.249211771025997e-06
1197,0.658312447786132,0.013708298009445183,1.851345207504001e-05
1198,0.6585976627712855,0.013699822128291156,3.134025593063559e-06
1199,0.6580483736447039,0.013699403431130158,1.6737507624853785e-05
1200,0.6575,0.013698958293729246,1.852001509634005e-05
1201,0.6577851790174855,0.013690520045616135,5.061624940349825e-06
1202,0.6572379367720466,0.013690063171888861,2.019188897536255e-05
1203,0.657522859517872,0.013681647874179656,5.6234327716474e-06
1204,0.6569767441860465,0.013681179381048831,1.7943674107418e-05
1205,0.6564315352697095,0.013680684956923412,1.4161332785351707e-05
1206,0.6567164179104478,0.013672306940638672,5.276631966146616e-06
1207,0.656172328086164,0.013671801177002464,1.4442049398472063e-05
1208,0.6556291390728477,0.013671269818002495,1.6959208275758922e-05
1209,0.6550868486352357,0.013670713033912171,1.892825664940522e-05
1210,0.6553719008264463,0.013662386455671395,5.295420710715014e-06
1211,0.6548307184145334,0.013661818766884236,1.7990679800090022e-05
1212,0.6542904290429042,0.013661225980920575,1.7349149054864032e-05
1213,0.6537510305028854,0.013660608264376898,2.016572622062096e-05
1214,0.6540362438220758,0.013652332795730995,5.430899801215153e-06
1215,0.6534979423868312,0.013651704597676792,1.802045066890496e-05
1216,0.6537828947368421,0.013643451451345736,5.26205684054048e-06
1217,0.6540673788003287,0.013635206339561898,5.498734632382157e-06
1218,0.6543513957307061,0.013626969258149355,5.104361524097684e-06
1219,0.6546349466776046,0.0136187402028863,5.376542350135516e-06
1220,0.6549180327868852,0.0136105191695055,3.1987423402392705e-06
1221,0.6552006552006552,0.013602306153694786,5.450532887402484e-06
1222,0.6554828150572831,0.013594101151097509,5.123833584122625e-06
1223,0.6557645134914145,0.013585904157313013,5.051499168506426e-06
1224,0.6560457516339869,0.013577715167897082,5.454334214464581e-06
1225,0.6555102040816326,0.013577189045931805,1.5133580402839192e-05
1226,0.6557911908646004,0.013569021936770027,3.205276397411375e-06
1227,0.6560717196414018,0.013560862784220844,5.6291524113514125e-06
1228,0.6563517915309446,0.013552711583830084,5.647155553843198e-06
1229,0.6566314076484947,0.013544568331101422,5.207609722566062e-06
1230,0.6560975609756098,0.013544072938154062,1.7519726591318144e-05
1231,0.6563769293257514,0.013535951346631176,5.5329447598245995e-06
1232,0.6566558441558441,0.01352783765547808,5.248489969036931e-06
1233,0.6561232765612328,0.013527345244203227,1.833605073054741e-05
1234,0.6555915721231766,0.01352682857569499,1.3410846705012759e-05
1235,0.6558704453441295,0.013518750040086331,3.0254813632662656e-06
1236,0.6553398058252428,0.013518222889939494,1.814699661969697e-05
1237,0.6556184316895716,0.013510165749987701,5.076620467163161e-06
1238,0.6558966074313409,0.01350211638384182,3.1318988320740544e-06
1239,0.6561743341404358,0.013494074787217827,3.1565097011045786e-06
1240,0.6564516129032258,0.013486040955791048,3.096673490476077e-06
1241,0.6567284448025785,0.013478014885196569,5.463345038466248e-06
1242,0.6570048309178744,0.013469996571029647,5.4929173715482175e-06
1243,0.6572807723250201,0.013461986008846146,5.065604566293396e-06
1244,0.657556270096463,0.013453983194162933,5.354233833120188e-06
1245,0.6570281124497992,0.01345353962472698,1.7173471205215207e-05
1246,0.6573033707865169,0.013445557828233055,3.1703593590018015e-06
1247,0.6575781876503609,0.013437583733591973,5.287530293289686e-06
1248,0.6578525641025641,0.013429617336315898,3.027956167220863e-06
1249,0.6581265012009607,0.013421658631879243,5.661843150366947e-06
1250,0.6584,0.013413707615719079,5.106168205083664e-06
1251,0.6586730615507594,0.013405764283235514,5.544220751852419e-06
1252,0.6589456869009584,0.013397828629792096,5.367272405715624e-06
1253,0.6584197924980048,0.013397453312599355,1.4545353363599297e-05
1254,0.6586921850079744,0.013389538348089376,4.891610725067175e-06
1255,0.6581673306772908,0.013389152281227399,1.8142562247342885e-05
1256,0.6584394904458599,0.013381257922504141,5.1462117295755035e-06
1257,0.6587112171837709,0.013373371157556989,4.835496427907167e-06
1258,0.6581875993640699,0.013372987372381313,1.5919904255437538e-05
1259,0.6584590945194599,0.013365121090605173,5.2579076657791876e-06
1260,0.6579365079365079,0.013364726716510185,1.7789458451806847e-05
1261,0.6582077716098335,0.013356880835882223,5.125331863072846e-06
1262,0.6576862123613312,0.013356475973132635,2.1016615419773048e-05
1263,0.6579572446555819,0.01334865041205631,5.198244569006242e-06
1264,0.6574367088607594,0.01334823515995122,1.4680623857025476e-05
1265,0.6577075098814229,0.013340429837253689,3.072432544081386e-06
1266,0.6579778830963665,0.013332631945979148,3.1317941184335003e-06
1267,0.6582478295185478,0.013324841481801169,5.344965139474656e-06
1268,0.6585173501577287,0.01331705844035841,4.966177231819699e-06
1269,0.6587864460204885,0.013309282817254988,5.205913088516347e-06
1270,0.6590551181102362,0.013301514608060835,5.62278862035513e-06
1271,0.6593233674272226,0.013293753808312051,3.2207424860432475e-06
1272,0.6588050314465409,0.013293404107198516,1.4373736046540116e-05
1273,0.6582875098193244,0.013293031451886005,2.0052095008502087e-05
1274,0.6585557299843015,0.013285303092099052,5.1268950965013884e-06
1275,0.6588235294117647,0.013277582065054876,3.2022702703451555e-06
1276,0.6590909090909091,0.013269868366389596,5.1260736452942405e-06
1277,0.6593578700078309,0.013262161991706248,5.173937265132437e-06
1278,0.6596244131455399,0.01325446293657513,5.057626728152454e-06
1279,0.6598905394839718,0.013246771196534135,5.4876103417816716e-06
1280,0.66015625,0.013239086767089098,5.221113888685967e-06
1281,0.6596409055425448,0.013238778149774663,1.9777577129976347e-05
1282,0.6599063962558502,0.013231113299900748,3.055299275460653e-06
1283,0.6601714731098987,0.013223455718508864,5.320421284204479e-06
1284,0.660436137071651,0.01321580540110752,4.823993181717713e-06
1285,0.6607003891050583,0.013208162343174172,3.0899856938937842e-06
1286,0.6601866251944012,0.013207879885296044,1.8231414691944963e-05
1287,0.6596736596736597,0.013207574832262793,1.947277084251078e-05
1288,0.6591614906832298,0.013207247324750197,1.5411566163972846e-05
1289,0.6594259115593484,0.013199647911338309,5.198770584684791e-06
1290,0.6589147286821705,0.013199310206544244,1.8837596336116395e-05
1291,0.6584043377226956,0.013198950319466139,1.8542408696421303e-05
1292,0.6586687306501547,0.013191382222830735,3.0954203606951496e-06
1293,0.6589327146171694,0.01318382121028975,5.31515357819251e-06
1294,0.6584234930448223,0.013183463391497667,1.7848613500696597e-05
1295,0.6579150579150579,0.013183083652241433,1.7684245960443732e-05
1296,0.658179012345679,0.013175553729940325,3.210573152088295e-06
1297,0.6576715497301465,0.013175164201601535,1.4156088064525383e-05
1298,0.6579352850539292,0.013167653255068345,5.4390943116361035e-06
1299,0.6581986143187067,0.013160149284775161,5.270636332536003e-06
1300,0.6584615384615384,0.01315265228673267,3.1503776193429994e-06
1301,0.6587240584166026,0.013145162256920638,4.9657357575950175e-06
1302,0.6589861751152074,0.013137679191288233,3.050240129215109e-06
1303,0.6584804297774367,0.01313732747841735,1.3677608385701671e-05
1304,0.6587423312883436,0.013129863173150772,5.636042569614105e-06
1305,0.6590038314176245,0.01312240579272341,5.307335018903565e-06
1306,0.6592649310872895,0.013114955333084094,5.561332034577875e-06
1307,0.6595256312165264,0.013107511790152005,3.0294760007419493e-06
1308,0.6597859327217125,0.013100075159816964,4.580943272432262e-06
1309,0.6600458365164248,0.013092645437939735,5.370797424336748e-06
1310,0.6603053435114504,0.01308522262035232,5.6514798460538865e-06
1311,0.6598016781083142,0.01308493126245698,1.698649617649421e-05
1312,0.6600609756097561,0.013077526923392382,5.381186365562659e-06
1313,0.6595582635186595,0.013077225674241532,2.04490520472088e-05
1314,0.6590563165905632,0.013076903086445974,2.0693192422937135e-05
1315,0.6585551330798479,0.013076559290195036,1.6996877756420565e-05
1316,0.6588145896656535,0.013069196425942021,4.959234667878033e-06
1317,0.6583143507972665,0.01306884307524836,1.9574050715526125e-05
1318,0.657814871016692,0.013068468767907472,1.813315677671515e-05
1319,0.6573161485974223,0.013068073631510113,1.542931233596007e-05
1320,0.6568181818181819,0.013067657792823206,1.6103748863020394e-05
1321,0.6570779712339136,0.013060347641218864,4.93865488695057e-06
1322,0.6573373676248109,0.01305304413660448,5.410836159138645e-06
1323,0.6568405139833712,0.01305263063216866,2.016680511800884e-05
1324,0.6563444108761329,0.013052196663976992,1.731524723450951e-05
1325,0.6558490566037736,0.01305174235619958,1.6394640690465104e-05
1326,0.6561085972850679,0.013044479708675684,5.008349836748569e-06
1327,0.6556141672946496,0.013044016576693183,1.9454163329827385e-05
1328,0.6558734939759037,0.013036771843027574,5.107150316956477e-06
1329,0.6561324303987961,0.013029533627864147,5.4249178149843946e-06
1330,0.656390977443609,0.01302230192782455,5.136697529113855e-06
1331,0.6558978211870774,0.01302185267710951,1.831227382778799e-05
1332,0.6561561561561562,0.013014638757679504,3.029799705874014e-06
1333,0.6564141035258815,0.013007431317559066,4.9212017837954315e-06
1334,0.656671664167916,0.013000230353363803,3.1616728858569796e-06
1335,0.6569288389513108,0.012993035861680538,5.50769723658852e-06
1336,0.656437125748503,0.012992611491110723,1.5420388168275007e-05
1337,0.6566940912490651,0.012985434616032776,5.187462794660968e-06
1338,0.656203288490284,0.012985001485409984,1.7306478654430002e-05
1339,0.655713218820015,0.01298454856674783,1.6863250724557196e-05
1340,0.655223880597015,0.012984075978835838,1.678837967784338e-05
1341,0.6547352721849367,0.012983583839710213,1.800698472954563e-05
1342,0.6549925484351714,0.012976457816892863,5.613669773667506e-06
1343,0.6552494415487714,0.012969338114316048,4.998005939998986e-06
1344,0.6547619047619048,0.012968848689655107,1.3083457995105657e-05
1345,0.654275092936803,0.012968339934959095,1.7694157081200197e-05
1346,0.6545319465081724,0.012961248607268973,5.490315495937592e-06
1347,0.6547884187082406,0.012954163537547959,5.0304552850895465e-06
1348,0.6550445103857567,0.012947084722763964,5.499879207952749e-06
1349,0.6553002223869533,0.01294001215985633,3.1025576457016255e-06
1350,0.6555555555555556,0.012932945845736097,5.465792048851788e-06
1351,0.6550703182827535,0.012932472695810902,1.567831856713866e-05
1352,0.6553254437869822,0.012925423508117023,3.106291445161299e-06
1353,0.6548410938654841,0.01292494210218441,1.6730329147326925e-05
1354,0.655096011816839,0.012917909976745086,5.1408138653009345e-06
1355,0.6553505535055351,0.012910884035847526,5.394104256977407e-06
1356,0.6556047197640118,0.012903864276443307,5.396559685610614e-06
1357,0.6551215917464996,0.012903396289162018,1.6630269799176044e-05
1358,0.654639175257732,0.012902909373705007,1.902324706155816e-05
1359,0.6548933038999264,0.012895917305663047,3.1874617203252624e-06
1360,0.6544117647058824,0.012895422321632063,1.9865320645285883e-05
1361,0.6546656869948567,0.012888447095280866,5.498610621204758e-06
1362,0.6541850220264317,0.012887944115006614,1.45329389213582e-05
1363,0.6544387380777696,0.012880985667597513,5.265982259146861e-06
1364,0.6546920821114369,0.012874033281818478,3.209585655030574e-06
1365,0.654945054945055,0.01286708695478062,5.484626470024555e-06
1366,0.6544655929721815,0.012866597333056035,1.70971143024626e-05
1367,0.653986832479883,0.012866089196943672,1.5942343015399827e-05
1368,0.6542397660818714,0.012859170123168367,4.893531589560329e-06
1369,0.6537618699780862,0.012858654171439879,1.654779389727434e-05
1370,0.654014598540146,0.012851751661022018,5.517530712095481e-06
1371,0.6542669584245077,0.012844855121468029,5.250880038516783e-06
1372,0.6545189504373178,0.012837964549997386,5.319909081634217e-06
1373,0.6540422432629279,0.01283746188865045,2.0050099119889216e-05
1374,0.653566229985444,0.012836941013770269,1.7263625729043328e-05
1375,0.6538181818181819,0.012830077359425212,5.355923376269765e-06
1376,0.653343023255814,0.01282954884476264,1.8488485750979e-05
1377,0.6535947712418301,0.012822701541974141,5.218100897267373e-06
1378,0.6538461538461539,0.01281586012109612,4.926480584134798e-06
1379,0.653372008701958,0.012815334444160354,1.678014111330836e-05
1380,0.6536231884057971,0.012808509286148802,4.816948106269617e-06
1381,0.6531498913830558,0.012807976073532732,1.8678135555317967e-05
1382,0.6526772793053546,0.01280742504614135,1.7951834107067993e-05
1383,0.6529284164859002,0.012800626437330336,5.030809761255007e-06
1384,0.653179190751445,0.012793833625792539,5.357717722845138e-06
1385,0.6534296028880866,0.012787046608979712,5.564102229158803e-06
1386,0.652958152958153,0.0127865088151296,2.0219074270965528e-05
1387,0.6532083633741889,0.012779737854662274,5.4544098912222956e-06
1388,0.6527377521613833,0.012779192693466562,2.0926924437197536e-05
1389,0.6529877609791217,0.012772437730518872,5.629255774897745e-06
1390,0.6532374100719425,0.012765688504299648,5.645423986969127e-06
1391,0.6527677929547089,0.012765146243449023,1.6684423571057648e-05
1392,0.6522988505747126,0.012764586543317979,1.643112868820497e-05
1393,0.6525484565685571,0.012757863400056243,3.1414326365521333e-06
1394,0.6527977044476327,0.01275114593875621,5.326772477985392e-06
1395,0.6530465949820788,0.012744434156981732,3.1055684685733764e-06
1396,0.6525787965616046,0.012743887540936092,1.548889852940107e-05
1397,0.6528274874731568,0.012737191527645048,3.074275092108957e-06
1398,0.6523605150214592,0.01273663774157944,2.1250194406580184e-05
1399,0.6526090064331665,0.012729957439382624,3.086293521247017e-06
1400,0.6528571428571428,0.01272328276028835,5.50538359887946e-06
1401,0.6531049250535332,0.012716613701889265,4.682958035223581e-06
1402,0.6526390870185449,0.012716072846622774,1.6948662900743705e-05
1403,0.6528866714183892,0.012709419388756166,3.16431739184467e-06
1404,0.6531339031339032,0.012702771522488596,5.189820189343357e-06
1405,0.6533807829181495,0.012696129245402085,5.168040831139321e-06
1406,0.6536273115220483,0.01268949255505399,5.58971109329154e-06
1407,0.6538734896943852,0.01268286144897724,4.985478535648954e-06
1408,0.6541193181818182,0.012676235924680541,1.1999593021093953e-05
1409,0.6543647977288858,0.012669615979648607,5.246616612469235e-06
1410,0.6546099290780142,0.012663001611342359,4.9342963821650276e-06
1411,0.6548547129695251,0.012656392817199148,5.518541592373201e-06
1412,0.6550991501416431,0.012649789594632966,5.278499590311638e-06
1413,0.6546355272469923,0.012649330345252653,1.7017015958561617e-05
1414,0.6548797736916548,0.012642742429531574,5.429171067861677e-06
1415,0.6551236749116608,0.01263616005662356,5.279997653500278e-06
1416,0.655367231638418,0.012629583223935805,3.181787280784338e-06
1417,0.6556104446012703,0.012623011928852788,5.43524745808849e-06
1418,0.6558533145275035,0.012616446168736486,5.314441176838035e-06
1419,0.6560958421423537,0.012609885940926581,5.178690643072297e-06
1420,0.6563380281690141,0.012603331242740653,3.1609664599223205e-06
1421,0.6565798733286418,0.012596782071474386,3.0996275151073956e-06
1422,0.6568213783403657,0.012590238424401764,5.32378983229011e-06
1423,0.6563598032326071,0.0125898488912317,1.631784914904247e-05
1424,0.6558988764044944,0.012589442371471027,2.1046882407913267e-05
1425,0.656140350877193,0.012582923288161314,5.346535970039183e-06
1426,0.655680224403927,0.012582509391506022,2.0756652089024375e-05
1427,0.6559215136650315,0.012576005272062629,5.0265800055035955e-06
1428,0.6561624649859944,0.01256950660006654,3.1424842077740886e-06
1429,0.655703289013296,0.0125690948524421,1.78644615074128e-05
1430,0.6552447552447552,0.012568666389219413,1.904324861702123e-05
1431,0.6554856743535988,0.012562192038517132,5.264198406438667e-06
1432,0.6550279329608939,0.012561756384558443,1.947159301662084e-05
1433,0.6552686671318911,0.012555296839219904,3.042228807158906e-06
1434,0.6555090655509066,0.012548842665898535,5.475877829757054e-06
1435,0.6557491289198606,0.012542393862075604,4.799150840269778e-06
1436,0.6559888579387186,0.012535950425211186,5.668299127843576e-06
1437,0.6562282533054976,0.012529512352744365,5.312016076829002e-06
1438,0.6557719054242003,0.012529106959255442,1.9470273253188965e-05
1439,0.655316191799861,0.01252868510090906,1.7859389444725803e-05
1440,0.6555555555555556,0.012522270969484574,5.1351094168836185e-06
1441,0.655794587092297,0.01251586215310909,5.221743014285169e-06
1442,0.6560332871012483,0.012509458649274368,5.106209108729045e-06
1443,0.6562716562716563,0.01250306045545159,3.0126125046337134e-06
1444,0.6565096952908587,0.012496667569091532,5.241727029556173e-06
1445,0.6567474048442906,0.01249027998762476,5.248530124885588e-06
1446,0.656984785615491,0.012483897708461797,5.540244112285634e-06
1447,0.6572218382861091,0.012477520728993316,5.069889120845462e-06
1448,0.6567679558011049,0.012477156143841666,1.437520209679907e-05
1449,0.6563146997929606,0.012476775239565358,2.1320848375743977e-05
1450,0.6558620689655172,0.012476378106667964,2.0952750371524917e-05
1451,0.6560992419021364,0.012470033734330472,5.162645435638347e-06
1452,0.6556473829201102,0.01246962955696607,1.6830614464198646e-05
1453,0.6558843771507227,0.012463299487253306,2.9955592641787182e-06
1454,0.656121045392022,0.012456974623537594,5.338889692799016e-06
1455,0.6563573883161512,0.012450654963352814,5.077480645023698e-06
1456,0.6565934065934066,0.01244434050421324,5.502813379953264e-06
1457,0.6568291008922443,0.012438031243613704,5.029148169163656e-06
1458,0.6570644718792867,0.012431727179029777,5.379444288097501e-06
1459,0.6572995202193284,0.01242542830791794,5.380201507053047e-06
1460,0.6575342465753424,0.012419134627715742,4.9442687579443785e-06
1461,0.6570841889117043,0.01241878634739315,1.6558816844371446e-05
1462,0.6573187414500684,0.012412506754559615,3.1585812880482957e-06
1463,0.657552973342447,0.012406232326562265,2.971380779184653e-06
1464,0.657103825136612,0.01240588581356821,1.459295186256224e-05
1465,0.6573378839590444,0.012399625400905948,5.6361094279840606e-06
1466,0.6575716234652115,0.012393370127189263,5.111608775305285e-06
1467,0.6571233810497614,0.01239302536899355,1.3858919719589179e-05
1468,0.6573569482288828,0.012386784039092867,3.1750865891797783e-06
1469,0.6575901974132062,0.012380547822428355,5.258736720686907e-06
1470,0.6571428571428571,0.012380204806614776,1.5892407029393917e-05
1471,0.6566961250849762,0.0123798460255428,2.0620968398212974e-05
1472,0.6569293478260869,0.01237363243955624,3.228458987465409e-06
1473,0.6564833672776647,0.012373266732915993,1.9190354144411344e-05
1474,0.6567164179104478,0.012367066947455567,5.27033696339284e-06
1475,0.6569491525423728,0.012360872206520029,5.321418973656733e-06
1476,0.6565040650406504,0.0123605083395915,2.1037413124706904e-05
1477,0.6567366283006093,0.012354327329195645,5.243976460027794e-06
1478,0.6569688768606224,0.01234815133827789,5.391697585941092e-06
1479,0.6572008113590264,0.012341980364422763,5.639430005363786e-06
1480,0.6574324324324324,0.012335814405196951,3.0826873004568907e-06
1481,0.6576637407157326,0.012329653458149457,5.280420600250519e-06
1482,0.6578947368421053,0.012323497520811763,5.6819345508598375e-06
1483,0.6581254214430209,0.012317346590697973,5.215304823878967e-06
1484,0.6583557951482479,0.012311200665304979,5.150118674466782e-06
1485,0.6579124579124579,0.012310890189719457,1.9831685465350375e-05
1486,0.65814266487214,0.012304757791123262,5.121167242988158e-06
1487,0.6583725622057834,0.012298630372467683,5.291669000087649e-06
1488,0.6586021505376344,0.01229250793124862,5.282065586992041e-06
1489,0.6581598388179987,0.012292207488196913,1.772354440848961e-05
1490,0.6583892617449665,0.01228609848360804,5.4361707717362365e-06
1491,0.6586183769282361,0.012279994431862777,3.1097314958920727e-06
1492,0.6588471849865952,0.012273895330456381,3.2256153720522915e-06
1493,0.6590756865371735,0.01226780117686765,3.082824236053554e-06
1494,0.6593038821954484,0.012261711968559097,4.789993408496232e-06
1495,0.6595317725752509,0.012255627702977065,4.757820539755916e-06
1496,0.6590909090909091,0.01225536231659901,1.8591388707304976e-05
1497,0.6593186372745491,0.012249291332738221,3.119264719927566e-06
1498,0.6588785046728972,0.012249018945291044,1.884862603320672e-05
1499,0.6591060707138092,0.012242961198471541,3.132148085524476e-06
1500,0.6593333333333333,0.012236908348350327,4.855676000053407e-06
1501,0.6588940706195869,0.0122366373112129,2.0586183186615063e-05
1502,0.6584553928095872,0.012236351087740564,1.9999871123744533e-05
1503,0.6586826347305389,0.012230319681742352,5.4584648139212556e-06
1504,0.6582446808510638,0.012230026622418686,1.5078697683323583e-05
1505,0.6578073089700996,0.01222971853473935,1.8226524568261236e-05
1506,0.6580345285524568,0.012223708479596465,5.256792002652687e-06
1507,0.6582614465826144,0.012217703238025578,5.459516974659063e-06
1508,0.6584880636604774,0.012211702807647372,5.413468430506061e-06
1509,0.6587143803843605,0.012205707186066703,5.461014993698781e-06
1510,0.6589403973509934,0.012199716370872752,3.1142840116791257e-06
1511,0.6591661151555261,0.012193730359639152,5.32316893210629e-06
1512,0.6587301587301587,0.012193456500173611,1.776979614188154e-05
1513,0.6582947785855915,0.01219316774961902,1.7818919692989643e-05
1514,0.6578599735799208,0.01219286418695258,1.994533377896173e-05
1515,0.6580858085808581,0.012186907358875726,4.9709499325915055e-06
1516,0.658311345646438,0.012180955274450452,5.662771541347427e-06
1517,0.6585365853658537,0.012175007931341847,5.0139573555568845e-06
1518,0.6587615283267457,0.012169065327199625,5.426647008296326e-06
1519,0.6589861751152074,0.012163127459658245,5.454247771645681e-06
1520,0.6592105263157895,0.012157194326337056,3.114301115738588e-06
1521,0.6587771203155819,0.012156924473958997,1.485308902150258e-05
1522,0.6583442838370565,0.012156639944000756,2.015724415368481e-05
1523,0.6585686145764937,0.012150727559184492,5.365114572855015e-06
1524,0.6587926509186351,0.012144819867566506,5.628819227402625e-06
1525,0.658360655737705,0.012144536725280545,1.5243413161150843e-05
1526,0.6579292267365662,0.01214423905249245,1.9174004451234245e-05
1527,0.6581532416502947,0.012138351981958662,5.211782412946404e-06
1528,0.6577225130890052,0.01213804781480565,2.0389554537577205e-05
1529,0.657946370176586,0.012132173338698884,5.153992639760898e-06
1530,0.6581699346405229,0.012126303495079593,5.4567568213614865e-06
1531,0.6583932070542129,0.012120438281699394,3.0783523441683287e-06
1532,0.6579634464751958,0.012120143493969499,2.0246346591793076e-05
1533,0.6581865622961514,0.012114290793433628,5.576429348341428e-06
1534,0.6584093872229465,0.012108442700910486,5.197107167841602e-06
1535,0.6579804560260586,0.012108149341043633,1.8065260199487618e-05
1536,0.6575520833333334,0.01210784173189051,1.775806782926374e-05
1537,0.657124268054652,0.012107519947937878,1.3441782838118401e-05
1538,0.6573472041612484,0.012101699988658603,3.1908974238887454e-06
1539,0.6575698505523067,0.012095884580289179,4.804667158391e-06
1540,0.6571428571428571,0.01209556434875702,1.4237903393236438e-05
1541,0.6573653471771577,0.012089761289571194,4.925189720325966e-06
1542,0.6575875486381323,0.01208396275960424,3.0729342167959635e-06
1543,0.6578094620868438,0.01207816875671921,5.27348481640633e-06
1544,0.6580310880829016,0.012072379278764646,5.133217614995789e-06
1545,0.658252427184466,0.012066594323574698,5.059428411706603e-06
1546,0.6578266494178525,0.012066298868819637,1.9040303078328175e-05
1547,0.6580478345184227,0.012060526144749853,5.1906786553974705e-06
1548,0.6582687338501292,0.012054757921937283,4.94208984824429e-06
1549,0.65848934796643,0.012048994198215146,5.152703528556521e-06
1550,0.6580645161290323,0.012048707834369489,1.2653198423040066e-05
1551,0.6576402321083172,0.012048407553624286,1.7429910324817973e-05
1552,0.657860824742268,0.012042663635185252,5.595537958350788e-06
1553,0.6580811332904056,0.012036924177542424,5.292245299034143e-06
1554,0.6576576576576577,0.012036625333090772,1.9282662374315298e-05
1555,0.6572347266881029,0.012036312708478514,1.3545015625833865e-05
1556,0.6568123393316195,0.01203598637487965,1.6775680643893387e-05
1557,0.6570327552986512,0.0120302742113417,5.608422556524403e-06
1558,0.6572528883183568,0.012024566453945415,5.500371358897041e-06
1559,0.6574727389352149,0.012018863100657863,4.722992298847717e-06
1560,0.6576923076923077,0.01201316414943214,5.139507159362191e-06
1561,0.657911595131326,0.01200746959820749,5.3961233819291425e-06
1562,0.6574903969270166,0.012007167483766016,2.019612050731264e-05
1563,0.6570697376839412,0.012006851784117667,2.065852069672159e-05
1564,0.6572890025575447,0.01200117667063647,3.2142148051046745e-06
1565,0.6575079872204472,0.011995505919963826,5.256109138502318e-06
1566,0.657088122605364,0.011995191718046699,2.0164670492066394e-05
1567,0.6573069559668155,0.011989532810058979,5.434612416336897e-06
1568,0.6568877551020408,0.01198921263380005,1.4608458556785425e-05
1569,0.65710643722116,0.01198356553031786,5.116005849589931e-06
1570,0.6566878980891719,0.011983239425502414,1.953590508451489e-05
1571,0.6562698917886697,0.0119828999985192,1.3508792633293934e-05
1572,0.6564885496183206,0.01197727210056461,5.431732607378363e-06
1573,0.6560712015257469,0.01197692685516741,1.995832203919765e-05
1574,0.656289707750953,0.011971310666204698,5.666805434109039e-06
1575,0.6558730158730158,0.011970959647059385,2.1158152484863857e-05
1576,0.6554568527918782,0.011970595502110788,1.540640123927847e-05
1577,0.6556753329105898,0.011964998380877138,5.309488111990225e-06
1578,0.655893536121673,0.011959405497140934,5.242740119887794e-06
1579,0.656111462951235,0.01195381684906822,5.209146054031618e-06
1580,0.6563291139240506,0.011948232434811403,5.337402164291445e-06
1581,0.6565464895635673,0.011942652252509357,3.0299169897929246e-06
1582,0.656763590391909,0.011937076300287524,5.610069152100233e-06
1583,0.65698041692988,0.011931504576258042,5.375803049568865e-06
1584,0.6571969696969697,0.011925937078519843,5.652105456156048e-06
1585,0.6574132492113565,0.011920373805158757,5.317340172008973e-06
1586,0.6576292559899117,0.011914814754247634,3.2146027573175872e-06
1587,0.6578449905482041,0.01190925992384644,5.297019432345531e-06
1588,0.6574307304785895,0.011908963167126722,1.612920649476084e-05
1589,0.657016991818754,0.011908653381024885,1.3542941907681368e-05
1590,0.6572327044025157,0.01190311720353861,5.201794571917708e-06
1591,0.6574481458202388,0.011897585211465856,5.0739395525416066e-06
1592,0.6576633165829145,0.011892057402902025,3.1698256607068617e-06
1593,0.6578782172002511,0.01188653377592987,3.1037721474724535e-06
1594,0.6580928481806776,0.01188101432861959,4.622083751759147e-06
1595,0.658307210031348,0.011875499059028943,5.467717616791423e-06
1596,0.6578947368421053,0.011875219351029441,1.5671850196214042e-05
1597,0.6581089542892924,0.011869715376824725,5.321950433553999e-06
1598,0.6576971214017522,0.0118694298681632,1.6555060708557633e-05
1599,0.6579111944965603,0.011863937153656438,5.201362303430819e-06
1600,0.6575,0.011863645887753056,1.7786464315566446e-05
1601,0.6577139287945034,0.011858164397402704,3.0893286565363116e-06
1602,0.6573033707865169,0.01185786741734746,1.5196534756838347e-05
1603,0.6568933250155957,0.011857557704408677,1.704869424578461e-05
1604,0.6571072319201995,0.011852094464313276,5.632421399867532e-06
1605,0.6573208722741433,0.01184663531623335,5.036719249717426e-06
1606,0.6575342465753424,0.011841180258331448,5.008708375690561e-06
1607,0.6577473553204729,0.011835729288757915,5.128406595716762e-06
1608,0.6579601990049752,0.011830282405651,5.225869133746613e-06
1609,0.6575512740832815,0.01182999516494804,1.3602976264122077e-05
1610,0.6577639751552795,0.011824559349745549,5.11501818011831e-06
1611,0.6579764121663563,0.011819127602348633,5.4791417566920505e-06
1612,0.6575682382133995,0.011818841686072709,1.7430408693418708e-05
1613,0.6577805331680099,0.011813420955172793,5.073722651654729e-06
1614,0.6579925650557621,0.011808004273536416,5.569349251221693e-06
1615,0.6582043343653251,0.011802591639311659,5.578316464299759e-06
1616,0.6577970297029703,0.01180231395694052,1.9025381814797242e-05
1617,0.658008658008658,0.011796912271566849,5.436831924995033e-06
1618,0.6582200247218789,0.011791514615191592,3.1926370613799203e-06
1619,0.6578134651019147,0.011791238207920642,1.8551559067145814e-05
1620,0.6580246913580247,0.011785851449759712,3.234018810790065e-06
1621,0.6582356570018507,0.011780468702300985,3.077589393812682e-06
1622,0.6584463625154131,0.011775089963702558,5.321621723379593e-06
1623,0.6586568083795441,0.011769715232111127,4.884010935662023e-06
1624,0.6588669950738916,0.011764344505662078,5.0036935590929145e-06
1625,0.6584615384615384,0.011764089839020922,1.948840026103604e-05
1626,0.6580565805658056,0.011763822764699622,1.7805301134740905e-05
1627,0.6582667486170867,0.011758469630044276,5.1233344314630846e-06
1628,0.6584766584766585,0.011753120468025366,5.2634339842478875e-06
1629,0.6580724370779619,0.01175285461284994,1.6103173672955125e-05
1630,0.658282208588957,0.011747516182956955,5.177402723156408e-06
1631,0.6584917228694053,0.01174218170776006,5.563780474400902e-06
1632,0.6580882352941176,0.011741917063953382,1.6187271048565475e-05
1633,0.6582976117575016,0.011736593271640885,3.200343370285232e-06
1634,0.6585067319461444,0.011731273416197289,5.40914774566633e-06
1635,0.6581039755351682,0.01173100997604591,1.9514113796112178e-05
1636,0.6577017114914425,0.011730734353808675,1.3833955919988017e-05
1637,0.657299938912645,0.011730446609275861,2.0229517458583963e-05
1638,0.6568986568986569,0.011730146801926572,1.7605772924899836e-05
1639,0.6564978645515558,0.011729834990930683,1.3183832684937412e-05
1640,0.6560975609756098,0.01172951123515076,1.6441211942486504e-05
1641,0.6563071297989032,0.011724235465135593,2.9910049189652386e-06
1642,0.6559074299634592,0.011723906504595436,1.7216340921010226e-05
1643,0.6561168594035302,0.011718641251245712,2.9574349531204247e-06
1644,0.6563260340632603,0.011713379831486478,5.166270566299029e-06
1645,0.6559270516717325,0.011713052355187189,1.612962592307545e-05
1646,0.6561360874848117,0.01170780140423909,3.1296010226713128e-06
1647,0.6557377049180327,0.011707468782731911,1.9225832028075933e-05
1648,0.6553398058252428,0.01170712443670789,1.5684898789094177e-05
1649,0.6549423893268648,0.011706768423401582,1.5562916581274202e-05
1650,0.6551515151515152,0.011701541140306967,3.2125175074472375e-06
1651,0.6553603876438522,0.011696317630958011,5.488851805748474e-06
1652,0.6555690072639225,0.011691097893826106,3.056761975976321e-06
1653,0.6557773744706594,0.01168588192737136,3.045169624957593e-06
1654,0.6559854897218863,0.011680669730042698,3.0588281609337034e-06
1655,0.6555891238670695,0.011680335025362053,1.775976574385851e-05
1656,0.6557971014492754,0.011675133138613469,5.593314346008776e-06
1657,0.656004828002414,0.011669935004334584,4.984264677347822e-06
1658,0.6562123039806996,0.011664740620971756,5.3815642994818115e-06
1659,0.6564195298372514,0.01165954998696042,5.6114084559408885e-06
1660,0.6560240963855422,0.01165922979298838,1.891053492385587e-05
1661,0.6562311860325105,0.01165404939303042,3.116837674748568e-06
1662,0.6558363417569194,0.011653724158208313,1.8932328636233936e-05
1663,0.656043295249549,0.011648553961125166,5.409102354825247e-06
1664,0.65625,0.01164338748196969,3.1870541328768773e-06
1665,0.6564564564564564,0.011638224719194411,5.716665899286867e-06
1666,0.656062424969988,0.01163790737472666,1.7576077339276648e-05
1667,0.6562687462507498,0.011632754754162797,5.60759009289084e-06
1668,0.6564748201438849,0.011627605833645428,3.183664773052388e-06
1669,0.6560814859197124,0.011627289900628186,1.6585668715410124e-05
1670,0.655688622754491,0.011626962592553079,1.6956714602362552e-05
1671,0.6552962298025135,0.011626623964203109,1.4974143827168358e-05
1672,0.6549043062200957,0.011626274070082553,1.8250255946521772e-05
1673,0.6545128511655708,0.011625912964418665,1.6719492333422715e-05
1674,0.6547192353643967,0.011620799705161814,4.902042501894085e-06
1675,0.6549253731343283,0.011615690077461405,5.414341286073417e-06
1676,0.6545346062052506,0.01161533056900749,1.9476941680665392e-05
1677,0.6547406082289803,0.011610230929361821,3.1435235431240476e-06
1678,0.6549463647199046,0.011605134905466118,3.0212331029733954e-06
1679,0.6551518761167362,0.011600042495903372,5.040076556719683e-06
1680,0.6547619047619048,0.011599690903991157,1.4140465983925481e-05
1681,0.6549672813801308,0.01159460842367285,5.11072749781591e-06
1682,0.6551724137931034,0.0115895295419845,4.769745397520223e-06
1683,0.655377302436126,0.011584454257506045,3.1295145358836834e-06
1684,0.6555819477434679,0.011579382568807002,5.478799748344823e-06
1685,0.655786350148368,0.011574314474446547,5.387002166576046e-06
1686,0.6559905100830368,0.011569249972973593,5.430820134102578e-06
1687,0.6556016597510373,0.011568925005166915,1.410664161687936e-05
1688,0.6558056872037915,0.011563870332143223,3.069557977763083e-06
1689,0.655417406749556,0.011563540569514521,1.9675432452274373e-05
1690,0.6556213017751479,0.011558495695457019,5.319303293682359e-06
1691,0.6558249556475458,0.011553454384662385,5.179233476296813e-06
1692,0.6560283687943262,0.011548416635694989,5.125607237707144e-06
1693,0.6562315416420555,0.011543382447109184,5.279850633765386e-06
1694,0.6558441558441559,0.011543066505491093,1.671922124597949e-05
1695,0.656047197640118,0.011538042044619258,5.135769062717665e-06
1696,0.65625,0.011533021128747318,3.0536885900605167e-06
1697,0.6564525633470831,0.011528003756427511,5.011353039272102e-06
1698,0.6566548881036514,0.011522989926202293,5.465007491354599e-06
1699,0.6568569746909947,0.011517979636604418,5.148054060151496e-06
1700,0.6570588235294118,0.011512972886157012,5.219649667885802e-06
1701,0.6572604350382129,0.011507969673373643,5.282689752646473e-06
1702,0.6574618096357226,0.011502969996758402,5.126967106305214e-06
1703,0.6570757486788021,0.011502692099228332,1.3381183662783921e-05
1704,0.6566901408450704,0.011502403294548548,1.7077435881102377e-05
1705,0.656891495601173,0.011497419284778067,5.396990431636188e-06
1706,0.6565064478311841,0.011497125686651805,1.6564032499707928e-05
1707,0.6561218512009374,0.011496821281415005,1.4990954217950807e-05
1708,0.6563231850117096,0.011491852877972573,5.7195247948110594e-06
1709,0.6559391456992393,0.011491543761453941,1.4016810853788216e-05
1710,0.6555555555555556,0.011491223936761339,1.628236233420644e-05
1711,0.6557568673290474,0.011486271079332682,5.383140050832584e-06
1712,0.6559579439252337,0.011481321679313018,3.2087894489716835e-06
1713,0.6561587857559836,0.011476375735319207,5.46650752592491e-06
1714,0.6557759626604434,0.011476063299531315,1.4767699053538237e-05
1715,0.6559766763848397,0.011471126801732345,5.420242559495722e-06
1716,0.6561771561771562,0.011466193745204793,5.480897493624741e-06
1717,0.656377402446127,0.011461264128563456,5.418253048396237e-06
1718,0.6565774155995343,0.01145633795041384,3.175875802787368e-06
1719,0.6561954624781849,0.011456038783455781,1.9664281007886502e-05
1720,0.6563953488372093,0.01145112198377348,5.038979658553414e-06
1721,0.6565950029052876,0.01144620860793115,4.753516122909834e-06
1722,0.6567944250871081,0.011441298654532563,5.178682888499224e-06
1723,0.656993615786419,0.011436392122172413,5.277422328943374e-06
1724,0.6566125290023201,0.011436106063790275,1.9622303798772783e-05
1725,0.6562318840579711,0.011435809468727675,1.8551310375572295e-05
1726,0.6558516801853997,0.011435502386093793,1.8996262996094404e-05
1727,0.6560509554140127,0.011430616941192082,3.2114897341501695e-06
1728,0.6556712962962963,0.011430305304134941,1.6223682356299255e-05
1729,0.6558704453441295,0.011425429114990266,5.105150185252661e-06
1730,0.6560693641618497,0.011420556295990734,5.378731390477196e-06
1731,0.6562680531484691,0.011415686845796299,5.368244897111969e-06
1732,0.6564665127020786,0.011410820763057937,5.17409259377289e-06
1733,0.65666474321985,0.011405958046417706,5.729492283354325e-06
1734,0.6562860438292965,0.011405665251505692,1.904830188666835e-05
1735,0.6564841498559078,0.011400811711934968,4.9860095237077165e-06
1736,0.6566820276497696,0.011395961524239922,5.231042293105668e-06
1737,0.6563039723661486,0.011395669980896575,1.4133255014890066e-05
1738,0.6565017261219793,0.011390828930719105,5.368580056391206e-06
1739,0.6566992524439333,0.011385991218278773,3.0489711920443905e-06
1740,0.6563218390804598,0.011385700919026916,1.5645912384805738e-05
1741,0.6565192418150488,0.011380872304790395,5.42469276004645e-06
1742,0.6561423650975889,0.011380577494122647,1.810264007210587e-05
1743,0.6563396442914515,0.011375757951655541,3.1374245990403177e-06
1744,0.6559633027522935,0.011375458660845638,2.033460741316268e-05
1745,0.6555873925501433,0.011375149188969641,2.060241303724759e-05
1746,0.6552119129438717,0.011374829582961286,1.574570236754293e-05
1747,0.654836863194047,0.01137449988952578,1.8986753677713694e-05
1748,0.6544622425629291,0.011374160155141137,1.8039446844583797e-05
1749,0.6540880503144654,0.011373810426059503,1.829618974089223e-05
1750,0.6542857142857142,0.011369028564289336,3.2112809866412543e-06
1751,0.6544831524842947,0.011364249944998614,5.1157922857002736e-06
1752,0.6541095890410958,0.011363901695207828,1.8661846943932883e-05
1753,0.6543069024529378,0.011359132014501082,5.433507517326491e-06
1754,0.6545039908779932,0.011354365562786586,5.378702684837741e-06
1755,0.6541310541310541,0.011354018783541297,1.8776611066156887e-05
1756,0.6543280182232346,0.011349261232298659,5.316478373318564e-06
1757,0.6545247581104154,0.01134450689663938,5.240984007429256e-06
1758,0.6541524459613197,0.011344161579260596,1.8058934867399513e-05
1759,0.6537805571347356,0.011343806434664466,1.525790652784846e-05
1760,0.6539772727272727,0.011339066607296187,5.380487678646604e-06
1761,0.6541737649063032,0.011334329971242209,3.2165502068031455e-06
1762,0.6543700340522134,0.011329596525348797,3.0660249436555958e-06
1763,0.6545660805445264,0.011324866268453538,4.484942401911885e-06
1764,0.6547619047619048,0.011320139199385407,3.101517785056113e-06
1765,0.654957507082153,0.011315415316964818,3.1716812963936365e-06
1766,0.6551528878822197,0.011310694620003689,5.343247157220166e-06
1767,0.6553480475382003,0.01130597710730551,3.047880596978845e-06
1768,0.6555429864253394,0.011301262777665397,5.386054451699638e-06
1769,0.6557377049180327,0.011296551629870156,5.34867369482465e-06
1770,0.6559322033898305,0.01129184366269834,5.324539713330813e-06
1771,0.655561829474873,0.011291540214356924,1.980786194725883e-05
1772,0.6557562076749436,0.01128684095093254,5.413764606158666e-06
1773,0.6553863508178229,0.011286533260473504,2.0700690474217293e-05
1774,0.6555806087936866,0.011281842675921942,5.392990894706818e-06
1775,0.6552112676056338,0.011281530772374355,1.8257326100680115e-05
1776,0.6554054054054054,0.011276848841913597,3.04297120637629e-06
1777,0.6555993247045583,0.011272170055294526,5.3498979890219335e-06
1778,0.655793025871766,0.011267494411322264,5.550148964864342e-06
1779,0.6559865092748736,0.011262821908793874,5.313525223111935e-06
1780,0.6561797752808989,0.011258152546498434,5.318556934184079e-06
1781,0.6563728242560359,0.011253486323217075,3.185342020013463e-06
1782,0.6565656565656566,0.011248823237723051,5.2094665910091805e-06
1783,0.6561974200785193,0.011248539905519533,1.8301160134485234e-05
1784,0.655829596412556,0.011248246920756258,2.173889165670788e-05
1785,0.6554621848739496,0.011247944326951254,2.026922215949349e-05
1786,0.6550951847704367,0.011247632167415226,1.6916799407199805e-05
1787,0.655288192501399,0.011242993895513519,5.710470504890621e-06
1788,0.6549217002237137,0.01124267762695339,1.85894176550761e-05
1789,0.6545556176634991,0.011242351876361833,1.6444846834615473e-05
1790,0.6547486033519553,0.011237727502450856,2.9963696639802593e-06
1791,0.6549413735343383,0.01123310620051037,5.079239366206079e-06
1792,0.6545758928571429,0.011232781797605665,1.977882511391688e-05
1793,0.6547685443390965,0.011228168944620682,5.033636263794324e-06
1794,0.6549609810479375,0.01122355915109844,4.944160261961819e-06
1795,0.6545961002785515,0.011223236088087488,1.960386085800067e-05
1796,0.6547884187082406,0.011218634708294623,3.2021784505129953e-06
1797,0.654424040066778,0.011218307634497401,1.793647614798527e-05
1798,0.6546162402669633,0.011213714644675389,5.706417531713416e-06
1799,0.6548082267926626,0.011209124690617049,5.439151657030898e-06
1800,0.655,0.011204537771218706,5.4582657478802725e-06
1801,0.6546363131593559,0.011204217364846817,1.4810111866745727e-05
1802,0.6542730299667037,0.011203887669194829,1.5543248013660156e-05
1803,0.6544647809206877,0.011199314401781579,5.527166240578938e-06
1804,0.6541019955654102,0.011198980764191875,1.9812529305492197e-05
1805,0.6542936288088642,0.011194415804888534,5.5074777073375e-06
1806,0.6539313399778516,0.01119407825209232,1.923947911384192e-05
1807,0.6541228555617045,0.011189521577538677,5.1975168406897625e-06
1808,0.6537610619469026,0.011189180136086292,1.6763370387444743e-05
1809,0.6533996683250415,0.011188829563323743,1.9545593970022096e-05
1810,0.6535911602209945,0.01118428641927012,5.226961799444613e-06
1811,0.6532302595251243,0.011183932022611545,1.5991240228798032e-05
1812,0.6534216335540839,0.01117939710464735,5.387644030378541e-06
1813,0.6530612244897959,0.011179038910073722,1.85182070583273e-05
1814,0.6532524807056229,0.011174512195129722,5.698896193188045e-06
1815,0.6528925619834711,0.011174150228446705,1.6481354658294872e-05
1816,0.6530837004405287,0.011169631693538159,5.352249253753724e-06
1817,0.6532746285085306,0.011165116095316197,5.41509050875454e-06
1818,0.6534653465346535,0.01116060343279196,5.614394720364457e-06
1819,0.6536558548653106,0.011156093704968891,5.10337553886782e-06
1820,0.6538461538461539,0.011151586910842778,3.1747705503875123e-06
1821,0.6534870950027457,0.011151242020929574,1.3949474697034418e-05
1822,0.6536772777167947,0.011146743340972973,3.0973899730948225e-06
1823,0.6538672517827756,0.01114224758299092,3.152810682614458e-06
1824,0.6540570175438597,0.011137754745976369,5.200827331766024e-06
1825,0.6536986301369863,0.0111374164165248,1.6332391640703353e-05
1826,0.6533406352683461,0.011137069171674655,1.9265285185368945e-05
1827,0.6535303776683087,0.011132589552970739,5.352882302997778e-06
1828,0.6537199124726477,0.011128112833982377,3.0780295083910687e-06
1829,0.6539092400218699,0.011123639013719381,5.393255010663214e-06
1830,0.6540983606557377,0.01111916809118415,5.275563826492354e-06
1831,0.6542872747132714,0.011114700065371713,5.237624886971585e-06
1832,0.6539301310043668,0.01111436957809295,1.8592662787037927e-05
1833,0.6541189307146754,0.01110990954611912,5.194778974802839e-06
1834,0.6537622682660851,0.011109575306881626,2.1311469184247477e-05
1835,0.6539509536784741,0.011105123246607259,5.116125021425094e-06
1836,0.6541394335511983,0.011100674061078574,5.559098759998693e-06
1837,0.6543277082199238,0.01109622774930005,3.201681607715046e-06
1838,0.6545157780195865,0.011091784310268965,3.1405374263133847e-06
1839,0.6547036432843937,0.011087343742975443,5.172001141160446e-06
1840,0.6543478260869565,0.01108702602002014,1.621885585643005e-05
1841,0.6545355784899511,0.011082593360790555,4.978419191894869e-06
1842,0.6541802388707926,0.01108227188981656,1.70932065343771e-05
1843,0.6543678784590342,0.011077847116857557,5.556120052025882e-06
1844,0.6545553145336226,0.0110734251939367,3.07985608648539e-06
1845,0.6547425474254742,0.011069006120053682,5.21671036763131e-06
1846,0.6543878656554712,0.011068690945705497,1.4136228545047113e-05
1847,0.654574986464537,0.011064279715845738,4.806721745145338e-06
1848,0.6542207792207793,0.011063960820380823,1.8071406658162734e-05
1849,0.65440778799351,0.011059557412998843,5.673043540776722e-06
1850,0.6545945945945946,0.011055156833195915,5.393911070169551e-06
1851,0.6547811993517018,0.011050759079981178,5.047377519440374e-06
1852,0.6544276457883369,0.011050446425710151,1.7425655777731024e-05
1853,0.6546141392336752,0.0110460564532014,4.878135266171815e-06
1854,0.6548004314994607,0.011041669296148696,5.560290374617561e-06
1855,0.6549865229110512,0.011037284953559027,5.0457657264866785e-06
1856,0.6546336206896551,0.011036978483608344,1.5818917492386614e-05
1857,0.6548196015078083,0.011032601880256088,5.462512203503891e-06
1858,0.655005382131324,0.011028228080300635,5.397865983856332e-06
1859,0.6551909628832706,0.011023857082746955,3.0426584903222296e-06
1860,0.6553763440860215,0.01101948888659333,3.1587563898116137e-06
1861,0.6555615260612574,0.011015123490831405,5.2548321375827325e-06
1862,0.6557465091299678,0.011010760894446234,5.1858284326170925e-06
1863,0.6559312936124531,0.011006401096416317,5.15956045230192e-06
1864,0.6555793991416309,0.01100612028728962,1.666644552092877e-05
1865,0.6557640750670242,0.011001768147401428,5.32957227229697e-06
1866,0.6559485530546624,0.01099741879488718,5.535240798009022e-06
1867,0.6555972147830744,0.010997139101885474,1.3984989892285607e-05
1868,0.6557815845824411,0.010992797376807696,3.1791764411862083e-06
1869,0.6559657570893526,0.010988458428182727,5.476058891600458e-06
1870,0.6561497326203208,0.010984122254992502,5.426640538920779e-06
1871,0.6563335114911811,0.010979788856212607,5.608183018857574e-06
1872,0.655982905982906,0.010979519907253,1.986611108676264e-05
1873,0.6561665776828617,0.010975194085700968,2.9916144540665395e-06
1874,0.656350053361793,0.010970871027707779,5.515907261259864e-06
1875,0.6565333333333333,0.01096655073224772,5.23370707963202e-06
1876,0.656183368869936,0.010966287632533885,1.954906745483268e-05
1877,0.6563665423548215,0.010961974874281466,5.066583441862716e-06
1878,0.6560170394036209,0.010961708049038633,1.5839116195561198e-05
1879,0.6556679084619479,0.0109614327589676,1.6166300544144023e-05
1880,0.6558510638297872,0.010957132280884923,3.076400719474582e-06
1881,0.6560340244550771,0.010952834536163818,5.280957865096318e-06
1882,0.6562167906482466,0.01094853952380576,2.991838711233148e-06
1883,0.6563993627190653,0.010944247242806043,5.104476792151331e-06
1884,0.6560509554140127,0.010943982517876136,1.307747823132328e-05
1885,0.6562334217506631,0.01093969769409733,5.7016545812768555e-06
1886,0.6564156945917285,0.010935415591059986,3.195275365187198e-06
1887,0.6565977742448331,0.01093113620775818,5.046300717740588e-06
1888,0.65625,0.010930877232211419,1.3938736711718547e-05
1889,0.65643197458973,0.010926605266991428,5.248216664416078e-06
1890,0.6566137566137566,0.010922336010952596,3.1469467656512815e-06
1891,0.6562665256478054,0.010922078052294558,1.923267782127975e-05
1892,0.6564482029598309,0.010917816184968147,2.9833937362899193e-06
1893,0.6566296883254094,0.010913557016325716,5.097895257272214e-06
1894,0.6568109820485745,0.010909300545365102,5.368279974259522e-06
1895,0.6564643799472295,0.010909048259838117,1.61404183906308e-05
1896,0.6566455696202531,0.0109047991389448,5.368664966495448e-06
1897,0.6562994201370586,0.010904543197359446,1.74723078909613e-05
1898,0.6564805057955743,0.010900301406926056,5.381101852613492e-06
1899,0.6566614007372301,0.010896062294352304,5.178666049796344e-06
1900,0.6563157894736842,0.010895807353029224,1.528057190045398e-05
1901,0.6564965807469753,0.010891575542030003,5.19727157572954e-06
1902,0.656677181913775,0.01088734639856247,5.472658093705254e-06
1903,0.6568575932737782,0.010883119921638948,5.5177284915560244e-06
1904,0.6570378151260504,0.010878896110265981,3.036735506250853e-06
1905,0.6572178477690289,0.010874674963444379,3.1310296356154497e-06
1906,0.6573976915005246,0.010870456480169256,3.165103682518634e-06
1907,0.6575773466177242,0.010866240659430062,5.317700284563549e-06
1908,0.6572327044025157,0.010866009661676513,1.662020431617297e-05
1909,0.6568884232582504,0.01086577044381264,1.5156465645508631e-05
1910,0.6565445026178011,0.010865523040446991,1.683144813813376e-05
1911,0.6562009419152276,0.010865267486033843,1.4262883548187393e-05
1912,0.6558577405857741,0.010865003814874008,1.9427272877910096e-05
1913,0.6560376372190277,0.010860813463595189,5.104273964082235e-06
1914,0.6556948798328108,0.010860546266212709,2.019870960722545e-05
1915,0.6558746736292428,0.010856363082741946,5.156592287955107e-06
1916,0.656054279749478,0.010852182509772067,3.1038887561103717e-06
1917,0.6562336984872196,0.010848004546366046,3.194016914458545e-06
1918,0.6564129301355579,0.010843829191581184,3.1533905368642516e-06
1919,0.6565919749869724,0.010839656444469152,3.0610335513045713e-06
1920,0.65625,0.010839403848055944,1.6735991005132036e-05
1921,0.6564289432587194,0.010835238213708964,5.296239017971876e-06
1922,0.6560874089490114,0.010834982096334047,1.7358085613386245e-05
1923,0.656266250650026,0.010830823556018413,5.026629248301449e-06
1924,0.6559251559251559,0.010830563939820034,1.6862979182386062e-05
1925,0.6561038961038961,0.01082641247486626,4.71884892463189e-06
1926,0.656282450674974,0.010822263589755117,5.318266379094e-06
1927,0.6559418785677218,0.010822004973644911,1.5212116724498471e-05
1928,0.6556016597510373,0.010821738425654136,1.6008834115553808e-05
1929,0.6557801969932607,0.010817601055671184,5.1802246057988454e-06
1930,0.655958549222798,0.010813466247803886,5.0914738041380635e-06
1931,0.6561367167270844,0.010809334001142624,3.134501709368009e-06
1932,0.6557971014492754,0.010809072927248942,2.0938945779883604e-05
1933,0.6559751681324366,0.01080494768271973,5.43387813536989e-06
1934,0.656153050672182,0.01080082498969405,3.0684676339017082e-06
1935,0.6558139534883721,0.010800564917236195,1.870082369303791e-05
1936,0.65599173553719,0.010796449199252165,5.521687550228312e-06
1937,0.6556530717604543,0.01079618570791178,1.4053894898296521e-05
1938,0.6558307533539731,0.01079207694672875,3.230918584130107e-06
1939,0.6554925219185147,0.010791810057893078,2.0654530394159917e-05
1940,0.6551546391752577,0.010791535389034372,1.8498762021173922e-05
1941,0.6548171045852653,0.010791252972431437,1.7503217080297062e-05
1942,0.654994850669413,0.010787159955724414,5.317201761214198e-06
1943,0.6546577457539887,0.01078687422386626,1.9980006930522178e-05
1944,0.654320987654321,0.010786580806662505,1.7565028281151792e-05
1945,0.6539845758354755,0.010786279735956115,1.8761067482582197e-05
1946,0.6536485097636177,0.010785971043451035,1.8798309395208325e-05
1947,0.6538263995891115,0.010781898095801788,5.162056291045168e-06
1948,0.6534907597535934,0.010781586198704474,1.6822435899041535e-05
1949,0.6536685479733196,0.01077752010634991,3.026659982374867e-06
1950,0.6538461538461539,0.010773456482859836,3.1092966984208027e-06
1951,0.6540235776524859,0.010769395327439316,3.1048444597388515e-06
1952,0.6536885245901639,0.010769088975457534,1.5010233369813837e-05
1953,0.6533538146441372,0.01076877508886398,1.7873508280649147e-05
1954,0.6535312180143296,0.010764725105607767,5.209736356218771e-06
1955,0.6531969309462916,0.010764408065320885,1.7091879756048423e-05
1956,0.6533742331288344,0.01076036487558374,5.6675252691681255e-06
1957,0.6535513541134389,0.010756324128780113,4.962120829833631e-06
1958,0.6537282941777324,0.010752285824136405,3.10624420637729e-06
1959,0.6533945890760592,0.010751974308349387,1.575813611303851e-05
1960,0.6535714285714286,0.010747942762965618,5.179497702308737e-06
1961,0.6537480877103519,0.0107439136506722,5.11225754757214e-06
1962,0.6539245667686034,0.010739886970693455,3.2140122171707337e-06
1963,0.6541008660213958,0.0107358627222483,3.164002293220411e-06
1964,0.6542769857433809,0.010731840904550288,5.101384426607507e-06
1965,0.6544529262086514,0.010727821516807635,3.1987527610808275e-06
1966,0.6546286876907427,0.010723804558223256,5.191680520921421e-06
1967,0.6542958820538892,0.01072351564976731,1.4254576828897245e-05
1968,0.6544715447154471,0.010719505383518796,5.292042071164326e-06
1969,0.654647028948705,0.010715497537423279,5.506335530066375e-06
1970,0.6548223350253807,0.010711492110681986,5.136069737983779e-06
1971,0.654490106544901,0.010711208536879492,2.1664756327289678e-05
1972,0.6546653144016227,0.010707209768890016,5.647513039518226e-06
1973,0.6548403446528129,0.01070321341129965,5.39879991589242e-06
1974,0.6545086119554204,0.010702930902540854,1.6834615317421535e-05
1975,0.6546835443037975,0.010698941178455853,3.115070505176409e-06
1976,0.6548582995951417,0.01069495385586112,5.4535402849255686e-06
1977,0.6545270612038442,0.010694672406554213,1.4351054526867734e-05
1978,0.6547017189079879,0.010690691692352145,5.306053104332842e-06
1979,0.6548762001010612,0.010686713370777479,5.56267796924422e-06
1980,0.6550505050505051,0.010682737441036963,5.31477221595031e-06
1981,0.6552246340232206,0.010678763902332297,3.171217272380478e-06
1982,0.6553985872855701,0.010674792753860157,3.1181710877777786e-06
1983,0.6555723651033787,0.010670823994812244,5.394896348449864e-06
1984,0.6557459677419355,0.010666857624375303,5.489210388736126e-06
1985,0.655919395465995,0.010662893641731163,5.3766914051500084e-06
1986,0.6555891238670695,0.010662638287680788,1.6901274911941308e-05
1987,0.6557624559637645,0.010658680840434559,3.2105058708998327e-06
1988,0.6559356136820925,0.010654725772185666,3.0801638082850242e-06
1989,0.6561085972850679,0.010650773082114796,4.900683667511435e-06
1990,0.6562814070351759,0.010646822769397811,3.1772130274893197e-06
1991,0.6564540431943747,0.01064287483320579,4.801900869854022e-06
1992,0.6566265060240963,0.010638929272705046,3.072334214255955e-06
1993,0.6562970396387355,0.010638691359303482,1.9456149902553435e-05
1994,0.6559679037111334,0.010638446132510155,1.5418633996070426e-05
1995,0.656140350877193,0.01063451115391207,5.397340115091636e-06
1996,0.656312625250501,0.010630578535227303,5.213372766997675e-06
1997,0.656484727090636,0.010626648275634499,5.011245703170058e-06
1998,0.6566566566566566,0.010622720374307606,3.047842404094224e-06
1999,0.6568284142071036,0.010618794830415917,5.4870168778307185e-06
2000,0.657,0.010614871643124094,4.998555596493653e-06
2001,0.6571714142928535,0.010610950811592195,3.1051396529686076e-06
2002,0.6573426573426573,0.010607032334975714,5.245093948354394e-06
2003,0.6575137294058911,0.010603116212425597,5.437312896267749e-06
2004,0.6576846307385229,0.010599202443088287,3.2473757846666334e-06
2005,0.657356608478803,0.01059899063015338,1.5059989665428275e-05
2006,0.6570289132602194,0.010598771547928643,1.5070632032509943e-05
2007,0.6571998006975586,0.010594868192585503,5.137687477613893e-06
2008,0.6573705179282868,0.010590967174941514,4.867060911737737e-06
2009,0.6575410652065704,0.010587068494155492,5.423294597254806e-06
2010,0.6572139303482587,0.010586854237167492,1.503907143124383e-05
2011,0.6573843858776728,0.010582961900466566,5.483731142183406e-06
2012,0.6575546719681908,0.010579071892085356,5.50952220234177e-06
2013,0.6577247888723299,0.01057518421118217,3.0698768989879e-06
2014,0.6573982125124131,0.010574974738218099,1.8478418298748573e-05
2015,0.6575682382133995,0.010571093370146722,5.241015244873695e-06
2016,0.6577380952380952,0.010567214321062605,5.355036970108711e-06
2017,0.6579077838373822,0.01056333759012361,5.510460804739696e-06
2018,0.6580773042616452,0.010559463176483265,5.297223872889845e-06
2019,0.657751362060426,0.01055926241120504,1.789197783185401e-05
2020,0.657920792079208,0.010555394271755824,5.332900100447209e-06
2021,0.6580900544285008,0.01055152844116563,4.943109201618916e-06
2022,0.6582591493570722,0.010547664918587673,4.9767881315308506e-06
2023,0.6579337617399901,0.010547468834509825,1.9318153848771173e-05
2024,0.658102766798419,0.010543611555334583,3.125215136700957e-06
2025,0.6577777777777778,0.010543412262781248,1.4682734698154859e-05
2026,0.6574531095755183,0.010543205853852175,1.6169055428078265e-05
2027,0.6576221016280217,0.010539358729373722,5.348119185341301e-06
2028,0.6577909270216963,0.010535513890349367,3.110528115418775e-06
2029,0.6579595860029571,0.010531671335952505,5.592343073501299e-06
2030,0.6581280788177339,0.010527831065352317,5.527920654956029e-06
2031,0.6578040374199902,0.01052763323044343,1.944141963821718e-05
2032,0.6579724409448819,0.01052379914179889,5.502930657983054e-06
2033,0.6576487948844073,0.010523598139048075,1.5002611017158043e-05
2034,0.6578171091445427,0.010519770217001652,3.1743342007826316e-06
2035,0.657985257985258,0.0105159445630778,3.1030861847225655e-06
2036,0.6581532416502947,0.010512121176453391,5.4174240955760864e-06
2037,0.658321060382916,0.010508300056301174,5.038653845267771e-06
2038,0.6579980372914622,0.010508107534230638,1.5836911012435285e-05
2039,0.6581657675331045,0.010504292543268113,5.431395373235436e-06
2040,0.6583333333333333,0.010500479810595481,5.37396117817257e-06
2041,0.658500734933856,0.01049666933538526,3.1988068195015566e-06
2042,0.6586679725759059,0.010492861116805923,3.2035791274989163e-06
2043,0.6588350465002447,0.010489055154021935,5.331693268958944e-06
2044,0.6585127201565558,0.010488874861740377,1.446211979582825e-05
2045,0.6581907090464547,0.010488687574123353,1.6922250867022236e-05
2046,0.6578690127077224,0.01048849331864,1.457308480387332e-05
2047,0.6580361504640938,0.010484701096446303,5.730646732316478e-06
2048,0.658203125,0.010480911109054197,3.084045988212267e-06
2049,0.6583699365544168,0.010477123355651647,5.45859399590593e-06
2050,0.6585365853658537,0.010473337835422637,4.9016299538652115e-06
2051,0.658703071672355,0.010469554547547187,5.389769168379388e-06
2052,0.6588693957115009,0.010465773491201393,5.309322258594524e-06
2053,0.6590355577204091,0.010461994665557433,4.857153611209173e-06
2054,0.6587147030185004,0.01046182011691047,1.3005439160622318e-05
2055,0.6583941605839416,0.010461638646004084,1.7093769538880935e-05
2056,0.6585603112840467,0.010457869611542145,5.2593742413285506e-06
2057,0.6587263004375303,0.010454102793451478,3.212937914788427e-06
2058,0.6588921282798834,0.010450338190915816,3.0643284724083855e-06
2059,0.6590577950461389,0.010446575803115032,3.0129816939730073e-06
2060,0.6592233009708738,0.010442815629225175,5.509021285739397e-06
2061,0.6589034449296458,0.010442646093914218,1.8350813920528542e-05
2062,0.6590688651794374,0.010438891880407936,5.448607141099729e-06
2063,0.6592341250605914,0.010435139872892867,5.322517832033466e-06
2064,0.6593992248062015,0.010431390070545117,2.997548864076599e-06
2065,0.6590799031476997,0.010431224880184373,1.971860151709651e-05
2066,0.6592449177153921,0.010427481009533,4.808533603786542e-06
2067,0.6589259796806967,0.010427312693869796,1.689609821002944e-05
2068,0.6590909090909091,0.010423574740449785,5.1231265164214965e-06
2069,0.6587723537941035,0.010423403317465465,1.884630705708416e-05
2070,0.6589371980676328,0.01041967126685755,5.254121249042588e-06
2071,0.6591018831482376,0.010415941399526967,5.376128184445228e-06
2072,0.6592664092664092,0.010412213714664978,5.048235841214047e-06
2073,0.6594307766521948,0.010408488211459142,5.359644867450817e-06
2074,0.6595949855351977,0.010404764889093341,5.443540698475856e-06
2075,0.659277108433735,0.010404605160412899,2.103517645199692e-05
2076,0.6589595375722543,0.0104044386513043,1.6328000234711322e-05
2077,0.6591237361579201,0.010400724868982076,3.111074381773275e-06
2078,0.6592877767083735,0.010397013253641278,5.262915512553622e-06
2079,0.6594516594516594,0.01039330380447699,3.0770779848206664e-06
2080,0.6596153846153846,0.010389596520680668,5.535971549642858e-06
2081,0.6597789524267179,0.010385891401440162,5.362871629797581e-06
2082,0.659942363112392,0.010382188445939742,5.35605182460411e-06
2083,0.6601056168987038,0.010378487653360116,3.1037973472761277e-06
2084,0.6597888675623801,0.010378340010052998,1.8287235772081047e-05
2085,0.6594724220623501,0.010378185630406172,2.0563183188992878e-05
2086,0.6596356663470757,0.010374494270383271,5.466398968311206e-06
2087,0.6593195975083852,0.01037433681382443,2.0660560794516194e-05
2088,0.6594827586206896,0.01037065123055222,2.9935099904203408e-06
2089,0.659167065581618,0.010370490714577947,1.8095069644665403e-05
2090,0.6593301435406699,0.010366810894122752,3.092672184207642e-06
2091,0.6590148254423721,0.010366647336127823,1.445703481197935e-05
2092,0.6591778202676865,0.010362973264599548,5.226116808915073e-06
2093,0.6593406593406593,0.010359301322001451,5.619384418229415e-06
2094,0.6595033428844317,0.01035563150754704,5.464664349857977e-06
2095,0.6591885441527446,0.010355472131193184,1.565568091564994e-05
2096,0.6593511450381679,0.010351808038389084,5.276192406364883e-06
2097,0.6595135908440629,0.0103481460662344,4.750406885586569e-06
2098,0.6596758817921831,0.01034448621394278,5.343821601546867e-06
2099,0.6593616007622678,0.010344330984512488,2.075792928299652e-05
2100,0.6595238095238095,0.010340676826771046,5.119893037687124e-06
2101,0.6596858638743456,0.010337024781438896,4.956536053152121e-06
2102,0.659847764034253,0.010333374847729873,5.385563676975047e-06
2103,0.6600095102234903,0.010329727024854385,5.070749255954685e-06
2104,0.6596958174904943,0.010329579464734819,1.3247067108955976e-05
2105,0.6598574821852732,0.010325937302860489,5.668632927619143e-06
2106,0.6600189933523267,0.010322297244409823,3.029477766508854e-06
2107,0.6601803512102515,0.01031865928859351,1.2310616714815503e-05
2108,0.6603415559772297,0.01031502343461888,5.591827510755511e-06
2109,0.6600284495021337,0.010314883466819438,1.7526243643206543e-05
2110,0.6597156398104266,0.010314736947388107,1.6751796747279537e-05
2111,0.6598768356229275,0.010311110246707354,4.950608028391292e-06
2112,0.6600378787878788,0.01030748563473935,3.18990126355433e-06
2113,0.6601987695220066,0.010303863110702053,4.968312520228728e-06
2114,0.6603595080416272,0.01030024267381012,3.060230236022445e-06
2115,0.6605200945626477,0.010296624323274913,3.1590610550799547e-06
2116,0.6606805293005671,0.010293008058304536,2.926172712309362e-06
2117,0.6608408124704771,0.010289393878103846,3.11166922224164e-06
2118,0.6610009442870632,0.010285781781874476,5.20836196773758e-06
2119,0.661160924964606,0.010282171768814857,5.492595263348779e-06
2120,0.6613207547169812,0.010278563838120237,5.185681836583037e-06
2121,0.661008958038661,0.010278445779095546,1.8202057065458715e-05
2122,0.6611687087653157,0.010274843397356855,3.0843800705624955e-06
2123,0.6608572774375883,0.010274722292093143,1.5121808048058762e-05
2124,0.6605461393596986,0.010274594697783345,1.7967617084085097e-05
2125,0.6607058823529411,0.01027100131156618,5.274411999209167e-06
2126,0.660865475070555,0.010267409988375388,4.72494574187393e-06
2127,0.6605547719793136,0.010267282841216906,1.946045127584284e-05
2128,0.6602443609022557,0.010267149251809948,1.618471649563476e-05
2129,0.6599342414279005,0.010267009244430175,1.6075941568306028e-05
2130,0.6600938967136151,0.010263430322669246,5.274791908705487e-06
2131,0.660253402158611,0.010259853445581939,3.1673770651894085e-06
2132,0.6604127579737336,0.010256278612404347,2.97900140701296e-06
2133,0.6601031411157994,0.010256142527423703,1.8209043650382714e-05
2134,0.6602624179943768,0.010252573164994208,4.943175829796735e-06
2135,0.6604215456674473,0.01024900583939061,5.131180690668361e-06
2136,0.6601123595505618,0.010248870229122116,1.6658256305783687e-05
2137,0.660271408516612,0.010245308355078517,3.1694260566118324e-06
2138,0.6599625818521984,0.010245169808255501,1.965615833646097e-05
2139,0.6596540439457691,0.010245024933209137,2.0273773655038424e-05
2140,0.6598130841121496,0.010241471905808234,5.238015035018882e-06
2141,0.6595049042503504,0.010241324133140228,1.9284537112225986e-05
2142,0.6596638655462185,0.010237776525141079,5.193059255774064e-06
2143,0.6598226784881008,0.010234230928941419,5.017912295793728e-06
2144,0.6595149253731343,0.010234083669562147,1.845489393175598e-05
2145,0.6596736596736597,0.010230543473828404,5.6638468084414594e-06
2146,0.6598322460391426,0.010227005282966299,5.278951586660167e-06
2147,0.6599906846762925,0.01022346909624186,5.425961606115796e-06
2148,0.659683426443203,0.010223325725143593,1.8499624676703106e-05
2149,0.6598417868776175,0.010219794913881182,5.219075268407072e-06
2150,0.6595348837209303,0.010219648673617037,1.7330502836569778e-05
2151,0.6596931659693166,0.010216123225225745,5.2562436355990824e-06
2152,0.6598513011152416,0.010212599767950206,5.19834159486825e-06
2153,0.6600092893636786,0.010209078301063063,3.152936202027659e-06
2154,0.659702878365831,0.010208935920478886,1.5596400943997178e-05
2155,0.6598607888631091,0.010205419791701658,5.31206469000725e-06
2156,0.6595547309833024,0.010205274560705878,1.2835441544651043e-05
2157,0.6592489568845619,0.010205123153913708,1.4597270703025252e-05
2158,0.6594068582020389,0.010201615691834809,3.102925259540912e-06
2159,0.6591014358499305,0.010201461472247498,1.6824789213410248e-05
2160,0.6592592592592592,0.010197959317018793,4.941181583093863e-06
2161,0.6594169366034244,0.010194459127912581,5.037167807764601e-06
2162,0.6595744680851063,0.010190960904223566,5.52854781911248e-06
2163,0.6597318539066112,0.01018746464524342,5.184453138476679e-06
2164,0.6598890942698706,0.010183970350260793,3.179015082169812e-06
2165,0.6595842956120093,0.010183826614971223,1.9499406248599638e-05
2166,0.659741458910434,0.010180337590461101,5.289419828192457e-06
2167,0.6598984771573604,0.010176850523249766,3.1541571111960375e-06
2168,0.6600553505535055,0.010173365412626081,5.309094640286116e-06
2169,0.6597510373443983,0.010173225466785762,1.90225034078846e-05
2170,0.659447004608295,0.01017307942723946,1.5660063264299367e-05
2171,0.6591432519576232,0.010172927316518728,1.6664717141897327e-05
2172,0.6588397790055248,0.010172769157066486,2.1643829361678742e-05
2173,0.6585365853658537,0.010172604971237438,1.3737358724954337e-05
2174,0.6586936522539099,0.010169138258617002,5.553851375512377e-06
2175,0.6583908045977012,0.010168971354050073,1.9399883964675927e-05
2176,0.6580882352941176,0.010168798466513619,1.9392728978714686e-05
2177,0.6582452916858061,0.01016534024227834,3.177229429996917e-06
2178,0.6584022038567493,0.010161883936066426,4.80681388123931e-06
2179,0.6585589720055071,0.010158429547217926,5.226435420827182e-06
2180,0.6587155963302752,0.01015497707506989,5.19829463507224e-06
2181,0.6588720770288858,0.010151526518956379,1.221573784406077e-05
2182,0.6590284142988084,0.010148077878208487,3.0871274759640534e-06
2183,0.6591846083371508,0.010144631152154356,5.345300049516851e-06
2184,0.6593406593406593,0.010141186340119193,5.206905649293733e-06
2185,0.6590389016018307,0.010141033572166109,1.706964910117582e-05
2186,0.6591948764867338,0.010137593910437677,5.300611124092839e-06
2187,0.6588934613625972,0.010137438431369144,1.706381568852534e-05
2188,0.6590493601462523,0.010134003908075895,5.4829593399523935e-06
2189,0.6592051164915487,0.010130571286579449,4.8780827678738015e-06
2190,0.6589041095890411,0.010130416335945696,1.7537480358352174e-05
2191,0.6590597900502054,0.010126988835308503,5.590730236549837e-06
2192,0.6592153284671532,0.010123563230065191,5.4148235306027536e-06
2193,0.6593707250341997,0.010120139519549836,3.182174446009916e-06
2194,0.659070191431176,0.010119988303479235,1.657884983254469e-05
2195,0.6592255125284738,0.010116569690624366,3.187516230277801e-06
2196,0.6593806921675774,0.01011315296612758,5.1641269556987e-06
2197,0.6595357305416477,0.010109738129323026,4.837720077498559e-06
2198,0.6596906278434941,0.01010632517954204,5.3207197067985215e-06
2199,0.6593906321055025,0.010106180856029351,1.750561440459222e-05
2200,0.6595454545454545,0.010102772975185042,5.198538258388368e-06
2201,0.659700136301681,0.010099366975030217,3.0417206626755276e-06
2202,0.6598546775658493,0.010095962854896359,3.034045886670091e-06
2203,0.6595551520653654,0.01009582219111752,1.8286186197251106e-05
2204,0.6592558983666061,0.010095675675664589,1.6100453070863912e-05
2205,0.6594104308390023,0.010092279767345384,5.116076482175624e-06
2206,0.6595648232094289,0.010088885727796353,3.1534341425532884e-06
2207,0.6592659719075669,0.010088739706638289,1.9354728011665557e-05
2208,0.6594202898550725,0.01008535069012526,5.47074749005156e-06
2209,0.6591217745586239,0.010085202011875245,1.7439829774899934e-05
2210,0.6592760180995475,0.010081818006939346,5.56825060368182e-06
2211,0.6594301221166893,0.010078435858957463,5.153167064936019e-06
2212,0.6595840867992767,0.01007505556727821,5.418207649564525e-06
2213,0.6592860370537732,0.010074910527729517,1.5425532997043157e-05
2214,0.6589882565492322,0.010074759715449542,1.992174131035711e-05
2215,0.6586907449209932,0.010074603151366613,2.026580949380685e-05
2216,0.6583935018050542,0.010074440856328403,2.035747695385235e-05
2217,0.6585475868290482,0.010071074948273931,4.9471968707166065e-06
2218,0.6582506762849414,0.010070910072646112,2.057419279708503e-05
2219,0.658404686795854,0.01006754912485165,5.260283956072412e-06
2220,0.6581081081081082,0.010067381682525765,1.9539105776377983e-05
2221,0.6578117964880684,0.010067208569347915,1.2973950871517849e-05
2222,0.6575157515751575,0.010067029805830621,2.0018284692110534e-05
2223,0.6576698155645524,0.010063680041979299,3.180073176570092e-06
2224,0.6573741007194245,0.010063498764561515,1.82414915785109e-05
2225,0.6575280898876404,0.010060153926857584,5.4826152451495224e-06
2226,0.6572327044025157,0.010059970149102858,2.0731714021949465e-05
2227,0.656937584193983,0.01005978078007779,1.9535232241557862e-05
2228,0.6566427289048474,0.010059585839966415,1.8931750924000673e-05
2229,0.6567967698519516,0.010056252125073637,5.5674737270908084e-06
2230,0.6569506726457399,0.01005292020479465,5.694415044852155e-06
2231,0.6571044374719857,0.010049590078556646,3.0292536707902705e-06
2232,0.657258064516129,0.010046261745784017,3.1204391880278476e-06
2233,0.6574115539632781,0.010042935205898364,5.405291701843548e-06
2234,0.657117278424351,0.010042750179311775,1.8112547922608407e-05
2235,0.6568232662192394,0.010042559616777153,2.0841582074253427e-05
2236,0.6569767441860465,0.010039241025538234,3.0844090540843514e-06
2237,0.6566830576665177,0.010039048023662378,1.8238753745438376e-05
2238,0.6568364611260054,0.010035734286672097,3.099313363448368e-06
2239,0.6565430995980348,0.01003553885859306,1.7565590071056014e-05
2240,0.6566964285714286,0.01003222996488245,5.601854897193729e-06
2241,0.6568496207050424,0.010028922842906468,3.004856362447513e-06
2242,0.656556645851918,0.010028728062299106,1.5104493443133274e-05
2243,0.6567097637093179,0.010025425767426361,4.982047181886163e-06
2244,0.6568627450980392,0.010022125238492944,5.187844647501047e-06
2245,0.6565701559020044,0.010021931102358004,1.9631097940329365e-05
2246,0.6567230632235085,0.010018635384426908,4.674346910189856e-06
2247,0.6564307966177125,0.010018438849785564,1.8329933703347685e-05
2248,0.6565836298932385,0.010015147932022392,4.931366123103681e-06
2249,0.6562916851934193,0.010014949011754804,1.5917492176108256e-05
2250,0.656,0.010014744685268372,1.8047325828207465e-05
2251,0.6557085739671257,0.01001453497189451,1.6607876527330046e-05
2252,0.655417406749556,0.01001431989089155,1.8235240862926376e-05
2253,0.6551264980026631,0.010014099461445094,1.5591993767155616e-05
2254,0.65527950310559,0.0100108254606848,5.371972124123929e-06
2255,0.6554323725055432,0.010007553191307583,5.322789485418257e-06
2256,0.6555851063829787,0.010004282652797911,3.1729193830937444e-06
2257,0.6557377049180327,0.010001013844637493,5.234796649060492e-06
2258,0.6558901682905226,0.009997746766305278,5.409079284048445e-06
2259,0.6560424966799469,0.009994481417277481,5.344389198093182e-06
2260,0.6557522123893805,0.009994273766171893,1.8190337602800086e-05
2261,0.6554621848739496,0.009994060798749487,2.113959616827321e-05
2262,0.6556145004420867,0.009990803181451624,5.279107159914299e-06
2263,0.6557666813963765,0.009987547283318694,3.1154728196023677e-06
2264,0.6559187279151943,0.009984293103833794,5.3952398725721015e-06
2265,0.6556291390728477,0.009984083825412686,1.5499243473594525e-05
2266,0.6557811120917917,0.009980834350474775,4.979196344175862e-06
2267,0.6559329510366123,0.009977586588632683,5.603754345557231e-06
2268,0.656084656084656,0.00997434053936888,5.4854517197394734e-06
2269,0.6562362274129573,0.009971096202163167,5.473200068824497e-06
2270,0.6563876651982379,0.009967853576492693,5.334506353718612e-06
2271,0.6565389696169088,0.009964612661831965,5.33847584955832e-06
2272,0.6566901408450704,0.009961373457652866,5.25742789650473e-06
2273,0.6564012318521777,0.009961179701467492,1.5890667310126345e-05
2274,0.6561125769569042,0.009960980675757387,1.647258539133276e-05
2275,0.6562637362637362,0.009957749088714834,3.1923490406765573e-06
2276,0.6559753954305799,0.009957547764291775,1.82842437715645e-05
2277,0.6556873078612209,0.009957341206600606,1.684754548816148e-05
2278,0.655838454784899,0.009954117214581212,5.4063598796876504e-06
2279,0.6559894690653796,0.009950894913697867,5.151355938776095e-06
2280,0.656140350877193,0.009947674303441241,4.817804138300047e-06
2281,0.6562911003945638,0.0099444553832994,3.144193931668436e-06
2282,0.6560035056967572,0.009944255367602541,1.4104223368977509e-05
2283,0.6561541830924222,0.009941041065234696,5.165418552860529e-06
2284,0.6563047285464098,0.00993782844755731,5.256691077081506e-06
2285,0.6560175054704596,0.009937629081759955,2.112236545714971e-05
2286,0.6561679790026247,0.009934421066724864,5.238516644340293e-06
2287,0.6563183209444687,0.009931214730980228,5.216533856946332e-06
2288,0.6564685314685315,0.009928010074015626,5.036878467100234e-06
2289,0.6566186107470511,0.009924807095318094,5.590790091700783e-06
2290,0.6567685589519651,0.009921605794372143,5.653442511662575e-06
2291,0.6564818856394588,0.009921415788871112,1.355365344098267e-05
2292,0.6566317626527051,0.009918219060922577,5.28553385177637e-06
2293,0.6563453990405582,0.009918026780111614,1.6775278231496674e-05
2294,0.6564952048823016,0.009914834615067229,5.437742874598583e-06
2295,0.6562091503267974,0.009914640070926737,1.9143307621731015e-05
2296,0.6563588850174216,0.009911452458722221,5.6508257681207814e-06
2297,0.6565084893339138,0.009908266509248314,3.1136088328923776e-06
2298,0.6566579634464752,0.009905082221998176,5.390279676526973e-06
2299,0.6568073075250108,0.009901899596462488,5.084067458085116e-06
2300,0.6569565217391304,0.009898718632129459,5.479532838536727e-06
2301,0.6571056062581486,0.00989553932848485,5.34587624058772e-06
2302,0.6572545612510861,0.009892361685011985,5.562933935641332e-06
2303,0.6574033868866695,0.009889185701191752,5.2473445456649825e-06
2304,0.6575520833333334,0.009886011376502638,5.191738076489575e-06
2305,0.6572668112798264,0.00988583750172817,1.779408578704789e-05
2306,0.6574154379878577,0.009882667681571405,5.469718683563064e-06
2307,0.6575639358474209,0.009879499515258109,5.1795390626620746e-06
2308,0.6572790294627383,0.009879326200441116,1.60241867936863e-05
2309,0.656994369857081,0.009879147775825794,1.8392500725914456e-05
2310,0.6567099567099567,0.009878964259203302,1.7282886508508442e-05
2311,0.656425789701428,0.00987877566829919,1.92301507921629e-05
2312,0.6565743944636678,0.009875620496434217,3.150293654429733e-06
2313,0.6567228707306528,0.009872466960527272,5.6139716718658136e-06
2314,0.6564390665514261,0.009872278974950821,1.754005812226763e-05
2315,0.6565874730021598,0.009869129899189862,3.136488701620508e-06
2316,0.6567357512953368,0.009865982454203542,5.573746470211675e-06
2317,0.6568839015968926,0.009862836639494601,5.433010107415116e-06
2318,0.6570319240724762,0.009859692454563411,5.0944789589028365e-06
2319,0.6567485985338508,0.009859510698342289,2.041559751378146e-05
2320,0.656896551724138,0.00985637094982039,4.930990898097528e-06
2321,0.6570443774235244,0.00985323282591976,5.290367772647594e-06
2322,0.657192075796727,0.0098500963261404,5.5951288686771394e-06
2323,0.657339647008179,0.009846961449979989,5.226235254670756e-06
2324,0.6570567986230637,0.009846785867134462,1.891766941744339e-05
2325,0.6572043010752688,0.009843655403812388,5.082980836050785e-06
2326,0.6573516766981943,0.009840526558979573,5.212904955992885e-06
2327,0.6570691877954448,0.009840351536874322,1.702105911151754e-05
2328,0.6572164948453608,0.009837227090677775,5.1573926014913745e-06
2329,0.656934306569343,0.009837049851104816,1.842571608260486e-05
2330,0.6566523605150214,0.009836867630668444,1.700989658010123e-05
2331,0.6567996567996568,0.009833750348409687,5.496543855739797e-06
2332,0.6565180102915952,0.009833565938293272,1.4225211969509707e-05
2333,0.6566652378911273,0.009830453030661823,3.119770829474928e-06
2334,0.6568123393316195,0.009827341723181929,3.2093449464599615e-06
2335,0.6565310492505353,0.009827157899701441,2.0817466989941895e-05
2336,0.6566780821917808,0.009824050952819297,5.63021939625168e-06
2337,0.6563970902866924,0.009823864957336356,1.3758036145045676e-05
2338,0.6565440547476475,0.009820762361609291,3.0974939612814707e-06
2339,0.6566908935442497,0.009817661356484281,5.1204311639173864e-06
2340,0.6568376068376068,0.009814561941481888,5.208223721163432e-06
2341,0.6565570269115762,0.009814379283460082,1.6267035093807856e-05
2342,0.6567036720751495,0.009811284201184626,5.019259469961032e-06
2343,0.656423388817755,0.00981109938378737,1.8570267792956802e-05
2344,0.6561433447098977,0.009810909680758241,1.7736949698478693e-05
2345,0.655863539445629,0.009810715108865744,2.0414463092490263e-05
2346,0.6555839727195226,0.009810515684817524,1.8865523477687572e-05
2347,0.6553046442266723,0.009810311425260636,1.762325037901863e-05
2348,0.6550255536626917,0.009810102346781804,1.9471056077582916e-05
2349,0.6547467007237122,0.009809888465907687,2.0690057541948244e-05
2350,0.6548936170212766,0.009806814118332084,5.100170979493755e-06
2351,0.6546150574223735,0.009806598183688104,1.6857068916775e-05
2352,0.6543367346938775,0.00980637747863169,1.9648305273338135e-05
2353,0.6540586485337867,0.009806152019504905,1.7187875517546716e-05
2354,0.6542056074766355,0.009803087410577498,5.593878024687975e-06
2355,0.6543524416135881,0.009800024346083626,3.109374290641038e-06
2356,0.6544991511035654,0.009796962825602122,5.308422417687302e-06
2357,0.6542214679677556,0.009796740793398918,1.905098296025822e-05
2358,0.6539440203562341,0.009796514036936535,1.9799238370923753e-05
2359,0.6540907164052565,0.009793459486544514,5.338711736600315e-06
2360,0.6538135593220339,0.009793230733883013,1.739049387454992e-05
2361,0.6539601863617112,0.009790180426798594,5.381016310720307e-06
2362,0.6541066892464014,0.00978713165070046,5.306652842518554e-06
2363,0.6542530681337283,0.009784084405176719,5.290522071069154e-06
2364,0.6543993231810491,0.009781038689813153,5.358015392735794e-06
2365,0.6545454545454545,0.009777994504193248,5.543488202727333e-06
2366,0.6546914623837701,0.009774951847898181,5.170005040963774e-06
2367,0.654837346852556,0.00977191072050686,5.388893460037681e-06
2368,0.6545608108108109,0.0097716961428092,1.7569430035484707e-05
2369,0.6547066272688898,0.009768659223784415,5.281131986669243e-06
2370,0.6544303797468355,0.00976844264201391,2.0050624848848464e-05
2371,0.6545761282159427,0.00976540992234323,3.217299677534826e-06
2372,0.6547217537942664,0.00976237872259024,5.380481472163102e-06
2373,0.6548672566371682,0.009759349042336957,5.261744563914839e-06
2374,0.6545914069081719,0.009759135803883903,1.456749742769559e-05
2375,0.6543157894736842,0.009758917910659725,1.8973324570762712e-05
2376,0.6544612794612794,0.009755895074174896,3.149978767012551e-06
2377,0.6546066470340766,0.009752873748693972,5.252390142687324e-06
2378,0.6543313708999159,0.009752656534777892,1.90513355940625e-05
2379,0.6544766708701135,0.009749639373309058,3.102569742312037e-06
2380,0.6542016806722689,0.009749420186979784,1.6755101620017283e-05
2381,0.6543469130617388,0.009746407180640076,3.1551522531784785e-06
2382,0.6544920235096557,0.009743395676462034,3.145887787090083e-06
2383,0.6542173730591692,0.009743177171971082,1.770090372462104e-05
2384,0.6543624161073825,0.009740169809870986,5.305100008223725e-06
2385,0.6540880503144654,0.00973994934855871,1.7915560323313485e-05
2386,0.654233025984912,0.009736946119717444,5.354369276267296e-06
2387,0.6543778801843319,0.009733944384266413,5.145570606366131e-06
2388,0.6545226130653267,0.009730944141803382,5.112235181512676e-06
2389,0.6546672247802428,0.009727945391923908,5.376877064650477e-06
2390,0.6543933054393305,0.009727730865792273,1.4598732749448098e-05
2391,0.6545378502718527,0.009724736227906898,4.928830827415446e-06
2392,0.6546822742474916,0.009721743078049083,5.391482985262895e-06
2393,0.6548265775177602,0.009718751415813694,5.382756556232602e-06
2394,0.6545530492898914,0.009718540165857574,1.7812484019636428e-05
2395,0.6546972860125261,0.009715552598622515,5.3692595880900844e-06
2396,0.6548414023372288,0.009712566514474793,3.0432211118245044e-06
2397,0.6549853984146851,0.009709581913008613,5.286397444028148e-06
2398,0.6551292743953294,0.00970659879381605,5.3237431375399094e-06
2399,0.6552730304293456,0.009703617156487042,4.955947166904005e-06
2400,0.6554166666666666,0.009700637000609424,5.134562292861194e-06
2401,0.6555601832569763,0.00969765832576892,3.059689974585367e-06
2402,0.6557035803497085,0.009694681131549168,5.451855488746262e-06
2403,0.6554307116104869,0.00969448607687581,1.786800514562599e-05
2404,0.6551580698835274,0.009694286474281227,1.8903052077727085e-05
2405,0.6553014553014553,0.009691315914271288,5.3456936866605465e-06
2406,0.6554447215295096,0.00968834682671243,5.468544127265173e-06
2407,0.6555878687162443,0.009685379211193463,3.1084939449164516e-06
2408,0.6553156146179402,0.00968518279233121,2.0365001260529867e-05
2409,0.655458696554587,0.009682219213277485,5.52758573924051e-06
2410,0.6556016597510373,0.009679257101793681,5.3828647968466115e-06
2411,0.6553297386976359,0.009679061287444515,2.0059729843984604e-05
2412,0.6554726368159204,0.009676103199891591,5.127631906731727e-06
2413,0.6552009946125156,0.009675905435096454,1.655656820944077e-05
2414,0.6549295774647887,0.009675703178122384,2.0036877780185773e-05
2415,0.6550724637681159,0.00967275165760843,5.536429924341511e-06
2416,0.6552152317880795,0.009669801592577099,5.573989548267907e-06
2417,0.6553578816714936,0.009666852982627342,5.522000549544899e-06
2418,0.6550868486352357,0.009666653889934616,2.0137432658587357e-05
2419,0.6552294336502688,0.00966370927462363,5.179605575604933e-06
2420,0.6549586776859504,0.00966350825643774,1.9644618247898498e-05
2421,0.6546881453944651,0.009663302787658735,2.2127555144936253e-05
2422,0.6544178364987614,0.009663092883094781,1.9838604066079887e-05
2423,0.6541477507222452,0.00966287855750209,1.9183612739474288e-05
2424,0.6538778877887789,0.009662659825585132,1.623731407510456e-05
2425,0.654020618556701,0.009659729330894783,3.169597791870882e-06
2426,0.6537510305028854,0.009659508738873899,1.6749590876313662e-05
2427,0.65389369592089,0.009656582204624141,4.944748616092143e-06
2428,0.6540362438220758,0.009653657098876884,5.006067027705569e-06
2429,0.6537669822972416,0.009653437179813346,1.8284194608504722e-05
2430,0.6534979423868312,0.009653212895772827,1.975494279481573e-05
2431,0.6532291238173591,0.009652984261239811,1.585991764019789e-05
2432,0.6533717105263158,0.009650068141509996,1.0957020207962965e-05
2433,0.6535141800246609,0.009647153438940312,5.387091982036767e-06
2434,0.6536565324568612,0.009644240153170116,3.1202562418261743e-06
2435,0.653388090349076,0.009644014725001336,2.0862945066233405e-05
2436,0.6535303776683087,0.009641105362777907,5.263967825850963e-06
2437,0.6536725482150184,0.009638197413119987,5.622338279823053e-06
2438,0.6538146021328958,0.009635290875666143,3.1613558511343055e-06
2439,0.6535465354653547,0.009635068631752234,2.0582317124561624e-05
2440,0.6536885245901639,0.009632166001946644,4.6467240788175395e-06
2441,0.6534207292093405,0.009631941940779258,1.7199825112595005e-05
2442,0.6535626535626535,0.009629043210484845,5.503314898163858e-06
2443,0.6537044617273844,0.009626145884340876,5.118319751580144e-06
2444,0.6534369885433715,0.009625922502324729,1.8678164367136316e-05
2445,0.6531697341513293,0.009625694834081296,1.686061762564564e-05
2446,0.6529026982829109,0.009625462893750712,1.9694761098062332e-05
2447,0.6526358806702084,0.009625226695424061,1.7939912166863512e-05
2448,0.6527777777777778,0.00962234070336504,5.430665763744394e-06
2449,0.6529195590036749,0.009619456100916985,5.24678104649509e-06
2450,0.6530612244897959,0.009616572887737984,5.062925258570252e-06
2451,0.6527947776417788,0.009616339876773385,2.031479192557548e-05
2452,0.6529363784665579,0.00961346052275065,2.9650270537015798e-06
2453,0.6526701997554015,0.009613225748803073,1.7644208239009928e-05
2454,0.6528117359413202,0.009610350245931223,5.568779531921352e-06
2455,0.6525458248472505,0.009610113717888157,1.9704022679553493e-05
2456,0.6526872964169381,0.009607242058183512,5.295536808350178e-06
2457,0.6528286528286529,0.009604371776118984,4.997678048941331e-06
2458,0.6525630593978845,0.009604135960388607,1.3504098384943921e-05
2459,0.6527043513623424,0.009601269509792818,3.10519895091061e-06
2460,0.6528455284552845,0.00959840443276743,5.375440777983471e-06
2461,0.6529865908167412,0.00959554072897714,5.053025795230041e-06
2462,0.6531275385865151,0.009592678398084665,5.372760585287541e-06
2463,0.6528623629719854,0.009592448181456839,1.3073870663816978e-05
2464,0.6525974025974026,0.009592213781369048,1.9247562014132607e-05
2465,0.6523326572008113,0.009591975211523156,2.0870097814451568e-05
2466,0.6524736415247364,0.009589121570297126,3.2168741877464907e-06
2467,0.6522091609241994,0.009588881281787701,1.5353712924935714e-05
2468,0.6523500810372771,0.009586031436763535,5.517146615606627e-06
2469,0.6524908869987849,0.009583182950178466,5.312526442386502e-06
2470,0.6522267206477733,0.009582943381580887,1.6398301586053576e-05
2471,0.6523674625657628,0.009580098679699315,3.0706430837768e-06
2472,0.6525080906148867,0.009577255332266874,5.095066653591243e-06
2473,0.6522442377678932,0.009577016480565054,1.6287162796625635e-05
2474,0.6523848019401779,0.009574176906386409,5.378480986411414e-06
2475,0.6525252525252525,0.009571338682683289,5.264849888066413e-06
2476,0.6522617124394184,0.009571100544877365,1.6231888256001637e-05
2477,0.6524020993136859,0.009568266083026751,5.269598510650513e-06
2478,0.652542372881356,0.009565432967694317,5.635925032344556e-06
2479,0.6522791448164582,0.009565195540800552,1.3634067744680124e-05
2480,0.6524193548387097,0.009562366175967478,5.209591533223134e-06
2481,0.6525594518339379,0.00955953815371143,3.1637432920277765e-06
2482,0.6526994359387591,0.009556711473711796,5.712874168283308e-06
2483,0.6524365686669351,0.009556477151700143,1.417998014452741e-05
2484,0.6525764895330113,0.00955365420729016,5.145792637942118e-06
2485,0.6527162977867204,0.0095508326012126,3.0647021242422147e-06
2486,0.6524537409493162,0.009550598976859911,1.901389124236737e-05
2487,0.6525934861278649,0.009547781095129312,5.368275333857039e-06
2488,0.6527331189710611,0.009544964547823153,5.385232858697131e-06
2489,0.6524708718360788,0.009544731618224776,1.8936998604430032e-05
2490,0.6522088353413654,0.009544494627185008,2.0194327476146084e-05
2491,0.6519470092332397,0.00954425358787203,1.6909595067851193e-05
2492,0.6520866773675762,0.009541445509493325,3.003624885119176e-06
2493,0.6522262334536703,0.009538638755160377,5.214240278540296e-06
2494,0.6523656776263032,0.009535833324563524,3.0947913921710084e-06
2495,0.6525050100200401,0.009533029217391199,3.1006623564078405e-06
2496,0.6526442307692307,0.009530226433329944,5.029241552313086e-06
2497,0.6523828594313176,0.009529993210140105,1.473245619659771e-05
2498,0.6521216973578863,0.00952975596099518,2.0229211186692746e-05
2499,0.6522609043617447,0.009526959220127388,5.48116276390724e-06
2500,0.6524,0.009524163795315576,5.335065046287708e-06
2501,0.652139144342263,0.009523927248117273,1.4464782179745292e-05
2502,0.6522781774580336,0.009521135491693356,3.1496656883290106e-06
2503,0.6524170994806232,0.009518345047508701,5.187271610698377e-06
2504,0.652555910543131,0.009515555915254785,5.089920039421185e-06
2505,0.6526946107784432,0.00951276809462124,5.1261813810541155e-06
2506,0.6528332003192339,0.00950998158529584,5.397796683351426e-06
2507,0.652572796170722,0.009509752764088218,1.2993175725747642e-05
2508,0.6527113237639554,0.009506969901720792,5.420376903335003e-06
2509,0.6528497409326425,0.009504188346863297,5.559701335160227e-06
2510,0.6525896414342629,0.009503960200506627,1.7623819491098316e-05
2511,0.6527279968140183,0.009501182281735653,4.893546850195868e-06
2512,0.6528662420382165,0.00949840566669175,3.0260344965184715e-06
2513,0.6526064464783128,0.009498178192402828,1.8590798865596392e-05
2514,0.6523468575974543,0.009497946748347221,1.9065766262319615e-05
2515,0.6524850894632207,0.009495176079665628,2.988044494305077e-06
2516,0.6526232114467408,0.009492406707805585,2.975936402721972e-06
2517,0.6527612236789829,0.009489638632460775,3.1464786269500233e-06
2518,0.6528991262907069,0.00948687185332307,5.1510999304491766e-06
2519,0.6530369194124652,0.009484106370082547,5.484390142834558e-06
2520,0.6527777777777778,0.009483882539484118,1.965912074540486e-05
2521,0.6529155097183658,0.009481120656559192,5.230822622082491e-06
2522,0.6526566217287867,0.009480895181921198,1.9819471111235717e-05
2523,0.6523979389615537,0.009480665771149052,1.9478553184815296e-05
2524,0.6525356576862124,0.009477909781432514,5.167219211768217e-06
2525,0.6526732673267327,0.009475155077364746,5.183060516451463e-06
2526,0.6524148851939826,0.009474926338796288,1.8126278286881327e-05
2527,0.6525524337158686,0.009472175213308336,5.459916736068882e-06
2528,0.6526898734177216,0.00946942536977478,5.592272279307563e-06
2529,0.652827204428628,0.009466676807893303,5.220216736810125e-06
2530,0.6525691699604743,0.009466451025114848,1.916116244187621e-05
2531,0.6527064401422362,0.009463706027848873,5.125695724131791e-06
2532,0.6524486571879937,0.00946347862543927,1.943028164644628e-05
2533,0.6521910777733912,0.009463247332572849,1.9954434681927747e-05
2534,0.6519337016574586,0.009463012161649804,1.734765121978917e-05
2535,0.6520710059171597,0.009460275278599505,5.191107252614751e-06
2536,0.651813880126183,0.009460038519260704,1.926948788765744e-05
2537,0.6519511233740638,0.00945730517894386,3.0780397990524793e-06
2538,0.6520882584712372,0.009454573103791384,5.232722780831479e-06
2539,0.6522252855454903,0.009451842293514564,5.234799508982874e-06
2540,0.6523622047244094,0.009449112747822928,5.128043390068204e-06
2541,0.6521054702872885,0.009448881210125092,1.9547826044126e-05
2542,0.6522423288749016,0.009446155190086347,5.316064644586518e-06
2543,0.652379079826976,0.009443430431023343,4.783086805285356e-06
2544,0.6525157232704403,0.009440706932644793,3.0876847672877786e-06
2545,0.6526522593320235,0.009437984694657689,5.005629494580637e-06
2546,0.6527886881382561,0.00943526371676729,3.1129985541007365e-06
2547,0.6529250098154692,0.009432543998677144,5.4050032105201506e-06
2548,0.6530612244897959,0.009429825540089096,5.065737441227232e-06
2549,0.6528050215770891,0.009429605918794713,1.8754267285458778e-05
2550,0.6529411764705882,0.009426890958999143,5.317429475092537e-06
2551,0.6530772246177969,0.009424177255115377,3.097711922912827e-06
2552,0.6532131661442007,0.009421464806844545,5.4184481129467996e-06
2553,0.6533490011750881,0.009418753613886095,3.036439860618207e-06
2554,0.6530931871574002,0.009418539092650013,1.7585030148018178e-05
2555,0.6528375733855186,0.009418320743157387,1.706862266675055e-05
2556,0.6525821596244131,0.009418098577498191,1.9883389630449255e-05
2557,0.6527180289401643,0.009415395318382551,5.263558809764636e-06
2558,0.6528537920250196,0.009412693305080178,5.649788388186562e-06
2559,0.652989449003517,0.009409992537298455,2.991857606092201e-06
2560,0.652734375,0.009409773233298106,1.4381092762386805e-05
2561,0.652869972666927,0.009407075926765037,5.557641468373144e-06
2562,0.6530054644808743,0.009404379862218084,4.945098610978404e-06
2563,0.6531408505657432,0.009401685039363923,5.230890310412121e-06
2564,0.6532761310452418,0.009398991457907586,3.2137449104025625e-06
2565,0.653411306042885,0.009396299117552456,5.63419949041325e-06
2566,0.6535463756819954,0.009393608018000286,5.6363534602199805e-06
2567,0.6536813400857031,0.0093909181589512,3.1043074940257337e-06
2568,0.653816199376947,0.0093882295401037,5.455185970865878e-06
2569,0.6539509536784741,0.009385542161154684,3.2114167695572134e-06
2570,0.6536964980544747,0.009385338895385802,1.5010237781454554e-05
2571,0.6538311940879036,0.00938265494504467,3.1623368222687476e-06
2572,0.6539657853810265,0.009379972231088373,5.43972886520298e-06
2573,0.6537116206762534,0.009379769550706483,1.7460580265928486e-05
2574,0.6538461538461539,0.009377090255384786,4.844663404305701e-06
2575,0.6539805825242718,0.00937441219294818,5.246713731523534e-06
2576,0.6537267080745341,0.009374210095595744,1.5141247909743626e-05
2577,0.653861078773768,0.009371535441860998,5.41257953954989e-06
2578,0.6536074476338247,0.009371331752609329,1.933010711147335e-05
2579,0.6533540131834045,0.009371124307124673,2.071720745270276e-05
2580,0.6534883720930232,0.009368455227294785,5.148109010282123e-06
2581,0.6536226268888028,0.009365787370823038,5.43114349947352e-06
2582,0.6537567776917118,0.00936312073741448,5.2891703445980215e-06
2583,0.6538908246225319,0.009360455326772585,5.454878729087093e-06
2584,0.6540247678018576,0.00935779113859927,4.6585681845674735e-06
2585,0.6537717601547389,0.00935759077631152,1.79248902080355e-05
2586,0.6539056457849961,0.009354929967283028,4.943430360569214e-06
2587,0.6540394279087747,0.009352270377278279,3.1828330425999607e-06
2588,0.6541731066460588,0.009349612005998627,5.174945901748318e-06
2589,0.6543066821166473,0.00934695485314388,5.570782077764369e-06
2590,0.6544401544401545,0.009344298918412307,5.105379846889034e-06
2591,0.6541875723658819,0.009344105573293036,1.6371473801859674e-05
2592,0.654320987654321,0.009341452998543371,2.9146205372191167e-06
2593,0.6544543000385654,0.009338801638488619,3.0427595129872626e-06
2594,0.6542020046260602,0.009338608845918335,1.9779302908515702e-05
2595,0.6539499036608863,0.009338412335978985,2.151372976262214e-05
2596,0.6540832049306625,0.00933576646146808,5.190214331916631e-06
2597,0.653831343858298,0.009335568380325392,1.6874252706902626e-05
2598,0.6539645881447267,0.009332925846104921,3.0549905586684558e-06
2599,0.6540977298961139,0.009330284517263731,3.0603313140430035e-06
2600,0.6542307692307693,0.009327644393507134,3.216235427768071e-06
2601,0.6543637062668205,0.009325005474538928,5.045047304327192e-06
2602,0.6544965411222137,0.009322367760061415,5.343892049520404e-06
2603,0.6542451018056089,0.009322176611933856,1.7729694208179337e-05
2604,0.6543778801843319,0.009319542218889242,5.241635171274551e-06
2605,0.654510556621881,0.009316909026960548,5.0714723703868e-06
2606,0.6542594013814275,0.009316718422616692,1.6620181872792278e-05
2607,0.654392021480629,0.009314088542580408,3.052651773748436e-06
2608,0.6545245398773006,0.009311459860298469,5.144988337728304e-06
2609,0.6542736680720582,0.009311269797574982,1.7804273956296878e-05
2610,0.6544061302681993,0.009308644417683266,5.681648583665496e-06
2611,0.654538490999617,0.009306020232197471,5.372584745031518e-06
2612,0.6542879019908117,0.009305830708942064,2.033150617546977e-05
2613,0.6544202066590127,0.009303209816382411,5.418349287286743e-06
2614,0.6541698546289212,0.009303018734994778,1.9003450772057425e-05
2615,0.654302103250478,0.009300401128964693,5.3660781745027894e-06
2616,0.654434250764526,0.009297784710975577,5.239360799902631e-06
2617,0.6545662972869698,0.00929516948073467,3.180575382491391e-06
2618,0.6546982429335371,0.009292555437947759,5.579645493446531e-06
2619,0.6548300878197786,0.009289942582319181,3.1423963644005404e-06
2620,0.6549618320610687,0.009287330913551843,3.0548466149041817e-06
2621,0.6550934757726059,0.009284720431347208,5.406200873087934e-06
2622,0.6552250190694127,0.00928211113540532,5.2639500425404805e-06
2623,0.6553564620663362,0.009279503025424804,4.838661792863895e-06
2624,0.6554878048780488,0.009276896101102874,5.214761875195535e-06
2625,0.6556190476190477,0.009274290362135337,5.449353198204416e-06
2626,0.6557501904036558,0.009271685808216606,5.471340645378322e-06
2627,0.6558812333460221,0.009269082439039698,5.7081209895555395e-06
2628,0.6556316590563166,0.009268914732966775,1.9605667887924883e-05
2629,0.6553822746291366,0.009268743384605045,2.0332092612392542e-05
2630,0.6555133079847909,0.009266145318550599,5.269547490601838e-06
2631,0.6556442417331813,0.009263548431260754,5.465767908492337e-06
2632,0.6553951367781155,0.00926337756602532,1.4874580271120257e-05
2633,0.6555260159513863,0.009260783910318161,5.424336551149709e-06
2634,0.6552771450265755,0.009260611476429967,1.2665514012683655e-05
2635,0.6550284629981025,0.00926043543183937,1.777892769474137e-05
2636,0.6551593323216995,0.009257847050785492,5.45174968885849e-06
2637,0.6549108835798255,0.009257669455231567,1.8103971330841476e-05
2638,0.6546626231993935,0.009257488270421058,1.708705938242591e-05
2639,0.6544145509662751,0.009257303507315556,1.5797596916535966e-05
2640,0.6545454545454545,0.009254722432508706,3.1912246519908924e-06
2641,0.6546762589928058,0.009252142519331803,5.176422099073337e-06
2642,0.6544284632853898,0.009251958274764523,1.7762448690603684e-05
2643,0.6541808550889141,0.00925177047252559,1.608378018756102e-05
2644,0.6543116490166414,0.009249195798090167,3.089977376497562e-06
2645,0.6540642722117203,0.009249006486835477,1.7483723495002435e-05
2646,0.653817082388511,0.009248813638972989,2.0561733566430942e-05
2647,0.6535700793350964,0.009248617265278725,1.852967805807506e-05
2648,0.6533232628398792,0.009248417376494145,1.393644078142868e-05
2649,0.6530766326915818,0.009248213983326276,2.1478910069752522e-05
2650,0.6528301886792452,0.009248007096447837,2.028021783626191e-05
2651,0.6525839305922293,0.009247796726497372,1.6028485924111925e-05
2652,0.6523378582202112,0.009247582884079392,2.0806119672412547e-05
2653,0.6524689031285338,0.009245025629975291,5.273942758068445e-06
2654,0.6522230595327807,0.009244810355972143,1.8527318914496144e-05
2655,0.6519774011299435,0.009244591629985248,1.93896983469258e-05
2656,0.6521084337349398,0.009242039565286391,4.99195230850564e-06
2657,0.6522393677079413,0.009239488629746344,5.550149217904498e-06
2658,0.6523702031602708,0.009236938823117114,5.387849598075263e-06
2659,0.6525009402030839,0.009234390145149282,5.26225231764713e-06
2660,0.6526315789473685,0.009231842595592005,5.07155371799039e-06
2661,0.6523863209319805,0.009231630534594156,1.9242285219690493e-05
2662,0.6525169045830203,0.009229086126748486,5.0918103336038364e-06
2663,0.6522718738265114,0.009228872644568209,1.7661986933612023e-05
2664,0.6524024024024024,0.009226331372427229,5.3994951221930486e-06
2665,0.6525328330206379,0.009223791222801933,3.2238154225275734e-06
2666,0.6526631657914479,0.009221252195443026,3.170413326697588e-06
2667,0.6524184476940382,0.009221041310535165,1.4953980354591903e-05
2668,0.6525487256371814,0.009218505407274816,3.1505567228840274e-06
2669,0.6526789059572874,0.009215970623226292,5.193196147161945e-06
2670,0.652434456928839,0.009215760322940879,1.8307253572633004e-05
2671,0.652190190939723,0.009215546615994772,1.569241786327647e-05
2672,0.6523203592814372,0.009213016943067765,5.15142838453331e-06
2673,0.652450430228208,0.009210488383770829,5.2603718722523795e-06
2674,0.6525804038893044,0.009207960937858348,4.848858247492565e-06
2675,0.6523364485981309,0.009207749812456267,1.6808429636959844e-05
2676,0.6524663677130045,0.00920522546725449,5.449913303857697e-06
2677,0.6525961897646619,0.00920270223241649,5.200916031235884e-06
2678,0.6527259148618372,0.009200180107696038,5.315505749769659e-06
2679,0.6524822695035462,0.009199971547723826,1.951246747911475e-05
2680,0.6526119402985074,0.009197452512287999,4.8625510232956185e-06
2681,0.6523685192092503,0.009197242551630215,1.6179907883460043e-05
2682,0.6521252796420581,0.00919702922105017,1.6431247082420962e-05
2683,0.651882221393962,0.009196812530693686,1.948188059853233e-05
2684,0.6520119225037257,0.009194300529501757,5.399328230170657e-06
2685,0.6521415270018622,0.009191789627664102,5.131506928963977e-06
2686,0.6518987341772152,0.009191573534167765,1.7235486654811352e-05
2687,0.6520282843319687,0.00918906570096613,5.060333079431775e-06
2688,0.6517857142857143,0.00918884823559873,1.7245696919382028e-05
2689,0.6519152101152845,0.009186343465216485,3.143782242061277e-06
2690,0.6516728624535316,0.009186124634330535,1.978130680579009e-05
2691,0.651802303976217,0.009183622920965475,3.1054899063012394e-06
2692,0.6519316493313522,0.009181122298554572,3.2120325447813856e-06
2693,0.6520608986260675,0.009178622766864876,5.638885208416377e-06
2694,0.6521900519673348,0.009176124325662081,3.1746941323568048e-06
2695,0.6519480519480519,0.009175910008996748,1.433036569517875e-05
2696,0.6520771513353115,0.009173414610917224,5.436658537882408e-06
2697,0.6518353726362626,0.009173198932162114,1.778184202665259e-05
2698,0.6519644180874722,0.009170706571457224,3.098390965834752e-06
2699,0.6517228603186366,0.009170489536896332,1.8773251429752043e-05
2700,0.6514814814814814,0.009170269206601652,2.0161070172164627e-05
2701,0.6516105146242133,0.009167781823720418,3.05950410604157e-06
2702,0.651739452257587,0.00916529552057568,5.1031058165382795e-06
2703,0.6518682944876064,0.009162810296939926,5.45087109913671e-06
2704,0.6519970414201184,0.009160326152584304,5.493955053776091e-06
2705,0.6521256931608133,0.009157843087278633,5.2688954681725175e-06
2706,0.6522542498152254,0.009155361100791399,5.526401418903381e-06
2707,0.652382711488733,0.009152880192889777,3.0166025500087657e-06
2708,0.6525110782865583,0.009150400363339625,3.0608219244785832e-06
2709,0.652639350313769,0.009147921611905491,5.388041152211932e-06
2710,0.6527675276752768,0.009145443938350626,5.3980387850886846e-06
2711,0.6525267428992991,0.00914523966852758,1.954868512766874e-05
2712,0.6526548672566371,0.009142764993922373,5.26031105697529e-06
2713,0.6524143015112421,0.009142559362929834,2.0233751354961647e-05
2714,0.652542372881356,0.00914008768164707,5.505508839180917e-06
2715,0.652670349907919,0.009137617072715683,4.9508446958597005e-06
2716,0.6527982326951399,0.009135147535900359,5.2379063533767915e-06
2717,0.652926021347074,0.009132679070964505,3.202833556965787e-06
2718,0.6526857983811626,0.00913247782390335,1.7866048567859913e-05
2719,0.6528135343876426,0.009130012338783926,3.1174351196476677e-06
2720,0.6529411764705882,0.009127547922679235,5.586500656003631e-06
2721,0.6530687247335538,0.009125084575352136,3.1963350340208205e-06
2722,0.6528288023512123,0.009124885778715923,1.6469739870870578e-05
2723,0.6525890561880279,0.009124683724825363,1.912849717221767e-05
2724,0.6523494860499266,0.00912447842333555,1.5945501449324227e-05
2725,0.6524770642201835,0.009122021844265879,5.603525986981584e-06
2726,0.6522377109317682,0.00912181520358261,1.7672118666026688e-05
2727,0.6523652365236524,0.009119361582108333,5.427912080845299e-06
2728,0.6524926686217009,0.009116909019220706,3.1318021156718915e-06
2729,0.6526200073286919,0.009114457514690484,5.282013223977406e-06
2730,0.6523809523809524,0.009114253325525826,1.563059410338404e-05
2731,0.6525082387403881,0.00911180476789696,5.3504403235365525e-06
2732,0.6526354319180088,0.009109357265811585,2.996203891404701e-06
2733,0.6523966337358215,0.009109153629647182,2.1609084138230328e-05
2734,0.6521580102414045,0.009108946780803722,1.6342089781959557e-05
2735,0.6522851919561243,0.009106504100514225,5.368522598615783e-06
2736,0.6524122807017544,0.009104062470624782,5.194580992177589e-06
2737,0.6521739130434783,0.00910385618105738,1.6386568644322136e-05
2738,0.6523009495982469,0.0091014174790726,3.1481332003658764e-06
2739,0.6520627966411099,0.009101209871822237,1.7159009595578363e-05
2740,0.6518248175182482,0.009100999078579404,1.543327713556293e-05
2741,0.6519518423932871,0.009098565173340793,3.217253345725513e-06
2742,0.6520787746170679,0.009096132310845134,5.280778246201319e-06
2743,0.6522056142909224,0.009093700490872225,3.182520952450702e-06
2744,0.652332361516035,0.009091269713200621,3.0815502368457338e-06
2745,0.6524590163934426,0.00908883997760764,3.1771579068944505e-06
2746,0.6522214129643117,0.00908863535322065,1.839411092275493e-05
2747,0.6523480160174736,0.009086208521638928,5.128061983582201e-06
2748,0.6524745269286754,0.00908378272938249,5.636521783170556e-06
2749,0.6522371771553293,0.009083578655873753,1.7423990876711207e-05
2750,0.652,0.00908337142054845,1.5927687781071542e-05
2751,0.6517629952744457,0.009083161032691862,1.6659836014275688e-05
2752,0.6515261627906976,0.009082947501560669,1.8461422166215097e-05
2753,0.6516527424627679,0.00908053017312508,5.174248458792794e-06
2754,0.6517792302106028,0.009078113874400653,5.470636362118382e-06
2755,0.6515426497277677,0.009077900916526218,1.8586881448077493e-05
2756,0.6513062409288825,0.009077684832688069,1.9967274963561814e-05
2757,0.651070003627131,0.009077465632052134,1.480902840631664e-05
2758,0.6511965192168238,0.009075055911839632,5.112422032349983e-06
2759,0.6513229430953243,0.00907264721408113,5.007030904288719e-06
2760,0.6510869565217391,0.00907242860062316,1.6954218339221615e-05
2761,0.6512133285041651,0.00907002276912716,5.4975342102859385e-06
2762,0.6513396089790007,0.009067617957405565,5.079474051202574e-06
2763,0.6514657980456026,0.009065214165252381,3.0350662697414904e-06
2764,0.6515918958031838,0.009062811392460396,5.308721838567107e-06
2765,0.6517179023508137,0.00906040963882118,5.507293917539897e-06
2766,0.6518438177874186,0.00905800890412509,3.1103112405623157e-06
2767,0.6519696422117817,0.009055609188161274,5.206634792082508e-06
2768,0.6517341040462428,0.00905540033182073,1.7084761636341216e-05
2769,0.6518598772119899,0.009053003462059372,4.879941039759295e-06
2770,0.651985559566787,0.009050607608363485,5.1692369554775825e-06
2771,0.6521111512089498,0.009048212770521636,5.414432070325985e-06
2772,0.6522366522366523,0.0090458189483212,5.483571818285646e-06
2773,0.6523620627479264,0.00904342614154837,5.625248687024059e-06
2774,0.6521268925739006,0.009043223304076952,1.886220657568404e-05
2775,0.6518918918918919,0.00904301737846433,1.5455813130368458e-05
2776,0.651657060518732,0.009042808373698724,1.992772383555371e-05
2777,0.651422398271516,0.009042596298740923,1.6590283302661036e-05
2778,0.6515478761699064,0.009040211767868938,3.137458221309264e-06
2779,0.6516732637639439,0.009037828243112094,3.028753245113819e-06
2780,0.6514388489208633,0.009037616732333153,1.4782466629220583e-05
2781,0.651564185544768,0.009035236022886556,5.468267531760082e-06
2782,0.6516894320632638,0.00903285631693477,5.06004229186445e-06
2783,0.6518145885734818,0.009030477614272928,5.631265515173528e-06
2784,0.6515804597701149,0.009030268470026885,1.980348801039651e-05
2785,0.6513464991023339,0.009030056279599541,1.4831621472111309e-05
2786,0.6511127063890882,0.009029841051829673,1.8088765504928876e-05
2787,0.6512378902045209,0.00902746875740613,3.0895843433883567e-06
2788,0.6513629842180775,0.00902509745927574,5.422083570515176e-06
2789,0.6514879885263535,0.009022727157238886,3.0411617841682327e-06
2790,0.6516129032258065,0.009020357851094781,5.423661804938995e-06
2791,0.6517377284127552,0.009017989540641468,3.0331701857710407e-06
2792,0.6518624641833811,0.009015622225675831,3.066053001656473e-06
2793,0.6519871106337272,0.009013255905993597,5.106383922795697e-06
2794,0.6521116678596993,0.00901089058138934,5.176737642137929e-06
2795,0.6522361359570662,0.00900852625165649,3.1623297395260343e-06
2796,0.652002861230329,0.00900832412255825,1.769185422531454e-05
2797,0.652127279227744,0.009005962568529674,5.426051421894844e-06
2798,0.6522516082916369,0.009003602006792365,5.168288987403169e-06
2799,0.6523758485173277,0.009001242437139215,4.7588910496716416e-06
2800,0.6521428571428571,0.00900104261858449,2.098592706773065e-05
2801,0.6522670474830418,0.008998685814852607,5.587972180042618e-06
2802,0.6523911491791577,0.008996330000634684,3.171939733319609e-06
2803,0.652158401712451,0.008996130709625714,1.49441178859165e-05
2804,0.6522824536376605,0.008993777653946154,3.1263402550210814e-06
2805,0.6524064171122995,0.00899142558521965,5.5694100297406704e-06
2806,0.6525302922309337,0.008989074503239181,2.984354513852875e-06
2807,0.6522978268614179,0.008988877502265041,1.571302836091945e-05
2808,0.6524216524216524,0.008986529169122943,5.137458334307019e-06
2809,0.652189391242435,0.008986330927371045,1.909323851906048e-05
2810,0.6523131672597865,0.008983985338084,5.531933522155911e-06
2811,0.6524368552116685,0.008981640730655915,3.0848625948989526e-06
2812,0.6525604551920341,0.008979297104880973,4.940329544575456e-06
2813,0.6526839672947031,0.008976954460552255,5.45528518623793e-06
2814,0.6528073916133618,0.008974612797461746,5.053994623647337e-06
2815,0.6525754884547069,0.008974420335784477,2.0536214990735102e-05
2816,0.6526988636363636,0.00897208140227107,5.6322701983602575e-06
2817,0.6528221512247071,0.008969743447464412,4.958775173586103e-06
2818,0.6525904897090135,0.008969551491397764,1.948674912182824e-05
2819,0.6523589925505499,0.008969356554520611,2.0516800422800392e-05
2820,0.652127659574468,0.008969158645369906,1.6284212018511677e-05
2821,0.651896490606168,0.008968957772456935,1.9843313077015165e-05
2822,0.6520198440822113,0.00896662776847287,5.113242342684809e-06
2823,0.6521431101664895,0.0089642987343742,5.546768959386499e-06
2824,0.6522662889518414,0.00896197066996134,5.6652949163212165e-06
2825,0.6520353982300885,0.008961772060958306,1.4326138992126461e-05
2826,0.6521585279547063,0.008959446701576631,3.1106053352772007e-06
2827,0.6522815705695083,0.008957122309391522,4.863307537570657e-06
2828,0.6524045261669024,0.008954798884202884,5.354032623403388e-06
2829,0.6525273948391658,0.008952476425809541,3.1174100937441e-06
2830,0.6522968197879858,0.00895228179615464,1.9965140247606317e-05
2831,0.6524196397032851,0.008949962031077308,5.260253297294132e-06
2832,0.652542372881356,0.008947643230316106,5.450803628567633e-06
2833,0.6523120367102012,0.008947449109137404,1.4960113731192879e-05
2834,0.6524347212420607,0.008945132994578898,5.608599978635382e-06
2835,0.6525573192239859,0.008942817841866232,5.1290853277147946e-06
2836,0.6526798307475318,0.008940503650798333,3.1994302064433306e-06
2837,0.6524497708847374,0.00894031175370882,1.4353840215415407e-05
2838,0.6522198731501057,0.008940116928993451,2.022947162025725e-05
2839,0.6523423740753787,0.00893780712970495,3.0707815145167942e-06
2840,0.6524647887323943,0.008935498287547023,5.598895407843313e-06
2841,0.6525871172122492,0.00893319040232081,3.195510555070527e-06
2842,0.6527093596059114,0.008930883473826406,5.418665347122829e-06
2843,0.6524797748856841,0.008930692575251848,1.6054323118141576e-05
2844,0.6526019690576652,0.008928388309533245,3.2554930736285046e-06
2845,0.6527240773286468,0.008926084998103117,5.205511982446264e-06
2846,0.6528460997891778,0.008923782640761097,2.9762292603990565e-06
2847,0.6529680365296804,0.008921481237305776,3.0807201861401845e-06
2848,0.6530898876404494,0.008919180787534719,4.888398090936488e-06
2849,0.6532116532116532,0.008916881291244454,5.361862876422812e-06
2850,0.6529824561403509,0.00891669768376174,1.9136568749355013e-05
2851,0.6531041739740442,0.008914400834319098,5.611406300779504e-06
2852,0.6532258064516129,0.008912104935924993,5.320399905260192e-06
2853,0.653347353662811,0.008909809988375535,5.412689527283631e-06
2854,0.653468815697267,0.008907515991465827,5.512857096622934e-06
2855,0.6535901926444834,0.00890522294498996,5.502413124543109e-06
2856,0.6537114845938375,0.008902930848741017,4.889183155120321e-06
2857,0.6538326916345817,0.008900639702511082,5.501793430693827e-06
2858,0.6539538138558433,0.008898349506091249,5.038847519631011e-06
2859,0.6540748513466247,0.008896060259271608,3.1267696637993285e-06
2860,0.6541958041958041,0.008893771961841275,5.492503198404041e-06
2861,0.6539671443551206,0.008893602287176887,1.9280803657421622e-05
2862,0.6540880503144654,0.008891316611938921,3.1545401173138776e-06
2863,0.6542088718127838,0.00888903188367162,5.381166954782591e-06
2864,0.6543296089385475,0.008886748102163755,5.351290984014238e-06
2865,0.6541012216404887,0.008886580535205555,1.704742794549801e-05
2866,0.654221912072575,0.00888429936683782,5.091923322728437e-06
2867,0.6543425183118242,0.008882019142820127,3.0895075607682315e-06
2868,0.6541143654114365,0.008881852008980153,1.8836051072433237e-05
2869,0.6538863715580342,0.008881681985202347,1.9142647264882406e-05
2870,0.6536585365853659,0.008881509079608323,1.6519140269790306e-05
2871,0.6537791710205503,0.008879234784924158,5.349219415116588e-06
2872,0.653899721448468,0.008876961428242054,5.058463930742868e-06
2873,0.6540201879568396,0.008874689009356214,5.572725013640981e-06
2874,0.6541405706332637,0.00887241752805987,5.442860423817515e-06
2875,0.6542608695652173,0.008870146984145297,5.280747799635243e-06
2876,0.6543810848400556,0.008867877377403806,4.830062666127909e-06
2877,0.6545012165450121,0.008865608707625759,3.222736919987542e-06
2878,0.6542738012508686,0.00886544451281889,1.760789697130139e-05
2879,0.6543938867662383,0.008863178426882213,5.251598691283799e-06
2880,0.6545138888888888,0.00886091327553424,5.198201085872807e-06
2881,0.6546338077056577,0.008858649058565019,5.5887626209203e-06
2882,0.6544066620402498,0.008858486929058865,1.5908040915338924e-05
2883,0.6545265348595213,0.008856225287060784,5.444167434272363e-06
2884,0.6546463245492372,0.008853964577075761,5.263214251413967e-06
2885,0.654419410745234,0.008853802864276922,1.3833799618470526e-05
2886,0.6541926541926542,0.008853638296519353,1.7520625811190726e-05
2887,0.654312435053689,0.00885138179087472,5.461564426846645e-06
2888,0.6544321329639889,0.008849126212951974,5.418473378464779e-06
2889,0.654551748009692,0.008846871562544004,5.506748182445941e-06
2890,0.6546712802768166,0.008844617839442757,5.141615335700671e-06
2891,0.6544448287789693,0.008844456955571693,1.343949896206898e-05
2892,0.6542185338865837,0.008844293230917387,2.0122004303626128e-05
2893,0.6543380573798825,0.008842043690283338,5.379757346962412e-06
2894,0.6541119557705598,0.008841878759797736,1.5612857306868033e-05
2895,0.654231433506045,0.008839631767326293,5.405073571603755e-06
2896,0.6543508287292817,0.008837385695779895,3.14976237968133e-06
2897,0.6544701415257163,0.00883514054495422,5.449650920652768e-06
2898,0.6545893719806763,0.00883289631464402,3.1381387793683202e-06
2899,0.6547085201793722,0.008830653004643134,5.532744351211853e-06
2900,0.6548275862068965,0.008828410614744486,3.2036538430240514e-06
2901,0.6549465701482248,0.008826169144740088,5.461602407216132e-06
2902,0.655065472088215,0.008823928594421049,5.246282067458268e-06
2903,0.654839820874957,0.0088237737825466,1.6373917412496232e-05
2904,0.6549586776859504,0.008821535761147279,5.583225246579652e-06
2905,0.6547332185886403,0.008821379737317081,1.4277537374963218e-05
2906,0.6545079146593256,0.008821220899912155,1.7401350264376414e-05
2907,0.6542827657378741,0.00882105925673478,1.674234126233779e-05
2908,0.6544016506189821,0.008818826972834867,5.716057683792378e-06
2909,0.6541766930216569,0.008818664137525191,1.4802670683199209e-05
2910,0.6539518900343643,0.008818498511551113,1.8539333309937586e-05
2911,0.6540707660597733,0.008816270346679981,5.014357233725986e-06
2912,0.6538461538461539,0.008816103540896056,1.8099787942734013e-05
2913,0.6539649845520082,0.00881387788480839,3.044432434416198e-06
2914,0.6540837336993823,0.008811653134184989,3.109388920546403e-06
2915,0.6538593481989708,0.008811486752508662,1.8517899167173558e-05
2916,0.6536351165980796,0.008811317602002877,1.4118480186897389e-05
2917,0.6534110387384299,0.00881114569032532,1.7804814130059484e-05
2918,0.6535298149417409,0.008808926634908657,4.980883358447882e-06
2919,0.6536485097636177,0.008806708478963227,3.120075766762004e-06
2920,0.6537671232876713,0.008804491222296994,5.299382556984251e-06
2921,0.6538856555973982,0.008802274864717023,3.1475588085610147e-06
2922,0.6540041067761807,0.00880005940602947,5.337814314138776e-06
2923,0.6541224769072871,0.0087978448460396,5.364271319949538e-06
2924,0.6542407660738714,0.008795631184551784,5.229221170772524e-06
2925,0.6540170940170941,0.008795467650828025,1.711655426382869e-05
2926,0.6541353383458647,0.008793256470449061,5.091151949552193e-06
2927,0.6542535018790571,0.00879104618633291,3.211677134613092e-06
2928,0.6543715846994536,0.008788836798283637,3.080829326828046e-06
2929,0.6544895868897235,0.008786628306104428,5.609207863880046e-06
2930,0.6542662116040956,0.00878646834194491,1.516364960491648e-05
2931,0.6543841692255203,0.008784262320461885,5.393534392525491e-06
2932,0.6541609822646658,0.008784101187891942,1.9407921020613426e-05
2933,0.6539379474940334,0.00878393731943041,1.7328905604432543e-05
2934,0.6540558963871848,0.00878173533672675,3.0466828266226177e-06
2935,0.6541737649063032,0.008779534243808134,5.469154209600586e-06
2936,0.654291553133515,0.008777334040481236,3.2213623033624195e-06
2937,0.6540687776642833,0.008777172154009595,1.6101379248299052e-05
2938,0.6538461538461539,0.008777007545414436,1.445204491904801e-05
2939,0.6539639333106498,0.008774811364020628,3.2014511555567375e-06
2940,0.6540816326530612,0.008772616068193158,5.384779027138396e-06
2941,0.6541992519551173,0.008770421657740706,4.786749180234439e-06
2942,0.6543167912984365,0.008768228132471086,3.1624893853404384e-06
2943,0.6540944614339109,0.008768067060923005,2.0725736926437796e-05
2944,0.6538722826086957,0.008767903280511798,1.8752788513642434e-05
2945,0.6539898132427844,0.008765713756618564,4.7123168935992436e-06
2946,0.6537678207739308,0.008765548832339232,1.790046644986942e-05
2947,0.6538853070919579,0.008763361745405278,4.867447139500179e-06
2948,0.6540027137042063,0.00876117553766682,5.133461047949464e-06
2949,0.6537809426924381,0.008761011027850632,1.5461711606871674e-05
2950,0.6538983050847458,0.008758827250885923,3.1751190529084496e-06
2951,0.6540155879362928,0.00875664435094471,3.070551301517194e-06
2952,0.6541327913279132,0.008754462327838762,5.576874102410315e-06
2953,0.6542499153403318,0.008752281181378996,5.190303133129977e-06
2954,0.6540284360189573,0.008752120178331806,1.873807825122204e-05
2955,0.65414551607445,0.008749941452531057,5.134350431112817e-06
2956,0.6542625169147497,0.008747763601213088,5.238333390977944e-06
2957,0.654041258031789,0.0087476030017729,1.8754042931415506e-05
2958,0.6538201487491548,0.008747439726631868,2.1160501082508698e-05
2959,0.6539371409259885,0.008745265829678628,5.007930196038808e-06
2960,0.6537162162162162,0.008745101425558224,2.0138858000148315e-05
2961,0.6538331644714623,0.00874292993681211,4.717969505161268e-06
2962,0.6539500337609723,0.0087407593166613,4.988708083478118e-06
2963,0.6537293283833953,0.008740595323727042,1.3616955561029087e-05
2964,0.6538461538461539,0.008738427105699748,2.9893810466135007e-06
2965,0.6539629005059022,0.008736259754132355,5.215315222951093e-06
2966,0.6540795684423466,0.008734093268840207,5.064605044728187e-06
2967,0.6538591169531514,0.008733931215439885,1.738518294827896e-05
2968,0.6536388140161725,0.008733766512942493,1.9047551930907196e-05
2969,0.6534186594813068,0.008733599168546354,1.770824895399212e-05
2970,0.6531986531986532,0.008733429189429202,1.8581514247233742e-05
2971,0.6533153820262538,0.008731269679922972,5.3164790711921145e-06
2972,0.6534320323014805,0.008729111029308258,5.526414992468193e-06
2973,0.653548604103599,0.008726953237406685,5.100093459026232e-06
2974,0.6536650975117687,0.00872479630403904,3.1572681085652265e-06
2975,0.653781512605042,0.00872264022902528,5.196247471744264e-06
2976,0.6538978494623656,0.008720485012184523,5.339733375358502e-06
2977,0.6540141081625798,0.008718330653335065,3.215913366566516e-06
2978,0.6537944929482874,0.008718168694884907,1.573368689645979e-05
2979,0.6535750251762337,0.008718004113178362,1.312382310896011e-05
2980,0.6536912751677852,0.008715853640174687,5.340319575718193e-06
2981,0.6538074471653808,0.008713704021331852,5.347767890514967e-06
2982,0.6539235412474849,0.008711555256470022,5.508333218024058e-06
2983,0.6540395574924572,0.008709407345408532,5.488417298384201e-06
2984,0.6541554959785523,0.008707260287965915,5.4677606699982155e-06
2985,0.6542713567839196,0.008705114083959879,5.360329879918877e-06
2986,0.6540522438044206,0.008704955940724084,1.416019653486427e-05
2987,0.6538332775359893,0.00870479518603657,2.120985524751262e-05
2988,0.6539491298527443,0.008702652841044963,5.619645040190493e-06
2989,0.6540649046503847,0.008700511345691306,3.0761575652831906e-06
2990,0.6541806020066889,0.008698370699795174,5.029491939416052e-06
2991,0.6539618856569709,0.00869821184244698,1.5721010213589598e-05
2992,0.6537433155080213,0.008698050386548634,1.9130787790998358e-05
2993,0.6535248914132977,0.008697886339103903,2.061098793008003e-05
2994,0.6536406145624583,0.008695751032794047,3.0839116450638295e-06
2995,0.6537562604340568,0.008693616570463365,5.458576215524352e-06
2996,0.6535380507343124,0.008693452928727528,1.3803845020841484e-05
2997,0.6536536536536537,0.008691320802785075,3.118947578597228e-06
2998,0.6537691794529686,0.00868918951877076,4.90995311874497e-06
2999,0.6535511837279093,0.00868902628134046,2.002196097549718e-05
3000,0.6536666666666666,0.008686897327883253,5.578099753065488e-06
3001,0.6537820726424525,0.008684769214310105,3.175943801522078e-06
3002,0.6538974017321786,0.008682641940445554,5.439287688925923e-06
3003,0.6536796536796536,0.008682480590961404,1.490655533793106e-05
3004,0.6537949400798935,0.008680355639981496,4.90881567269958e-06
3005,0.653910149750416,0.008678231526673541,5.488755562529575e-06
3006,0.6540252827677977,0.008676108250861786,4.874029336282011e-06
3007,0.6541403392085134,0.008673985812369691,5.3281819883426184e-06
3008,0.6542553191489362,0.008671864211019929,5.024669221861966e-06
3009,0.654037886340977,0.008671707693082063,1.4583724689329127e-05
3010,0.6538205980066445,0.00867154861362325,1.781636501989687e-05
3011,0.6539355695782132,0.008669430798013866,5.22360638148009e-06
3012,0.6540504648074369,0.008667313815849056,5.50559385394539e-06
3013,0.6541652837703286,0.00866519766695329,5.1460919889473105e-06
3014,0.6542800265428003,0.008663082351150262,5.392324920159403e-06
3015,0.6543946932006633,0.008660967868262892,3.222149735138709e-06
3016,0.6545092838196287,0.008658854218113327,5.3765326005902555e-06
3017,0.654292343387471,0.008658701401914626,1.7614890557681572e-05
3018,0.6540755467196819,0.008658546035621177,1.884639716456644e-05
3019,0.6541901291818483,0.008656436145336361,5.355649165138439e-06
3020,0.6539735099337748,0.008656279698850218,1.780436085233841e-05
3021,0.6540880503144654,0.00865417209907373,5.465842455359569e-06
3022,0.6542025148908008,0.008652065326541558,5.52991718721918e-06
3023,0.6543169037380085,0.008649959381078907,5.193283261469518e-06
3024,0.654431216931217,0.008647854262510222,5.444746853316701e-06
3025,0.6545454545454545,0.008645749970659188,5.4597640657802615e-06
3026,0.6543291473892928,0.00864559827615045,1.8141145366221577e-05
3027,0.6544433432441361,0.00864349626367994,3.188827730129333e-06
3028,0.6542272126816381,0.00864334348967265,1.938943622285371e-05
3029,0.6543413667877187,0.008641243752760265,3.0794167955850467e-06
3030,0.6544554455445545,0.008639144838761152,5.198574142966151e-06
3031,0.6542395249092708,0.008638992438451416,1.675573797899669e-05
3032,0.6543535620052771,0.008636895794390139,5.59450200826341e-06
3033,0.6544675239037256,0.008634799971261826,5.507840814445399e-06
3034,0.6545814106789717,0.008632704968891685,3.0876237996977315e-06
3035,0.6543657331136739,0.008632554384579777,1.7621701985737225e-05
3036,0.6544795783926218,0.008630461644747732,5.034222716476573e-06
3037,0.6545933486993744,0.00862836972370071,5.502994297046196e-06
3038,0.6547070441079658,0.00862627862126368,3.1913854379284003e-06
3039,0.654820664692333,0.008624188337260863,5.371819742652271e-06
3040,0.6546052631578947,0.008624040995576317,1.4421121364416993e-05
3041,0.6547188424860243,0.00862195296495443,5.503237093345206e-06
3042,0.6548323471400395,0.00861986575080125,5.194588450170851e-06
3043,0.654945777193559,0.008617779352940778,4.814959892927102e-06
3044,0.6550591327201051,0.008615693771196288,3.1944704994494724e-06
3045,0.6548440065681445,0.008615549650102087,2.0967220580124883e-05
3046,0.654957321076822,0.008613466312629882,5.081401120871762e-06
3047,0.6550705612077453,0.008611383789315766,5.177404736309419e-06
3048,0.6548556430446194,0.008611240018977985,1.810868856449898e-05
3049,0.6546408658576582,0.008611093750950923,1.7865526705309988e-05
3050,0.6547540983606558,0.008609014890819637,5.669671748149025e-06
3051,0.6548672566371682,0.008606936841299987,5.308804345409368e-06
3052,0.6549803407601573,0.008604859602217498,3.034161977050913e-06
3053,0.6547658041270881,0.008604715110523844,2.0954110054025588e-05
3054,0.6548788474132285,0.008602640100995318,3.0011164572150085e-06
3055,0.6546644844517185,0.008602494542663647,1.9927809434757042e-05
3056,0.6547774869109948,0.008600421758985632,5.347320235365245e-06
3057,0.6548904154399738,0.008598349782047132,4.679072976646151e-06
3058,0.6550032701111838,0.008596278611674673,5.122617714945848e-06
3059,0.6551160509970578,0.008594208247694081,3.2067319886442454e-06
3060,0.6552287581699346,0.008592138689930464,3.1133709137710227e-06
3061,0.655014701078079,0.008591997721410045,1.9678566164164653e-05
3062,0.6551273677335075,0.008589930378792333,3.1732140553085887e-06
3063,0.6549134835128958,0.008589788344430964,1.994910951596064e-05
3064,0.6546997389033943,0.008589643841633757,1.696188920956624e-05
3065,0.6544861337683524,0.008589496876892295,1.6649829625716754e-05
3066,0.6545988258317026,0.008587434559075947,5.139252795373469e-06
3067,0.6547114444082165,0.008585373040672917,3.0575722220505183e-06
3068,0.6544980443285529,0.00858522643116638,1.802393877904092e-05
3069,0.6542847833170414,0.008585077371939117,1.7990424704988072e-05
3070,0.654071661237785,0.008584925869425282,2.1078668806243735e-05
3071,0.6541843047867144,0.008582869358234851,3.2013790838844896e-06
3072,0.654296875,0.008580813641438657,5.18424793927825e-06
3073,0.6544093719492353,0.008578758718870904,5.114271815011482e-06
3074,0.6545217957059206,0.008576704590365091,5.331504553812991e-06
3075,0.6546341463414634,0.008574651255754013,5.336641611397515e-06
3076,0.6547464239271782,0.008572598714869758,3.0170268973301914e-06
3077,0.6548586285342867,0.00857054696754372,5.468452459737682e-06
3078,0.6549707602339181,0.008568496013606599,5.275271271714985e-06
3079,0.6550828190971094,0.008566445852888393,5.1006010817061925e-06
3080,0.6551948051948052,0.008564396485218418,3.226730173924829e-06
3081,0.6553067185978578,0.008562347910425299,5.3850718503014926e-06
3082,0.655094094743673,0.008562209307212673,1.9072949306476157e-05
3083,0.6552059682127798,0.008560162910059076,5.526889493062947e-06
3084,0.6553177691309987,0.00855811730390185,5.066366605234701e-06
3085,0.6554294975688817,0.008556072488569436,5.44429565833905e-06
3086,0.6555411535968891,0.008554028463889593,3.083361192179584e-06
3087,0.6556527372853903,0.008551985229689408,5.227001501651948e-06
3088,0.6557642487046632,0.008549942785795295,5.519347364115376e-06
3089,0.6558756879248948,0.008547901132032994,5.067358882461781e-06
3090,0.6559870550161813,0.008545860268227583,5.334684422653887e-06
3091,0.656098350048528,0.008543820194203473,5.465990200474156e-06
3092,0.6562095730918499,0.008541780909784413,5.382286840082255e-06
3093,0.6563207242159715,0.008539742414793494,3.1580373707767503e-06
3094,0.656431803490627,0.00853770470905315,5.163244049743049e-06
3095,0.6562197092084007,0.008537580185841569,1.9012228197682905e-05
3096,0.6560077519379846,0.008537453230702142,1.4857187747650783e-05
3097,0.655795931546658,0.008537323849957527,1.8537584887598737e-05
3098,0.6559070367979342,0.008535291031243196,5.573399380937849e-06
3099,0.6560180703452727,0.008533258996890619,5.303454550787038e-06
3100,0.6558064516129032,0.008533129926007675,1.6778345775235553e-05
3101,0.6559174459851661,0.008531100038164001,4.74181672903608e-06
3102,0.6560283687943262,0.008529070932829355,3.0878018715527424e-06
3103,0.6561392201095714,0.008527042609830195,3.1265789705426457e-06
3104,0.65625,0.008525015068992335,3.1892212752916848e-06
3105,0.6560386473429952,0.008524889023420324,1.6285042949766137e-05
3106,0.656149388280747,0.008522863620566019,3.057626760012019e-06
3107,0.6562600579336981,0.008520838998027417,5.185962428046147e-06
3108,0.6563706563706564,0.008518815155630199,3.123748250022905e-06
3109,0.6561595368285622,0.00851869076391037,1.912199821982974e-05
3110,0.6559485530546624,0.008518563968773298,1.9549120796422343e-05
3111,0.6557377049180327,0.008518434776439722,1.4009765399574796e-05
3112,0.6558483290488432,0.008516415766653388,3.2194758446078824e-06
3113,0.655958882107292,0.00851439753219694,3.1361125578958225e-06
3114,0.6560693641618497,0.008512380072899497,3.1092849815036755e-06
3115,0.6561797752808989,0.00851036338858954,5.140491688983238e-06
3116,0.6559691912708601,0.008510237197328064,1.9965268687567295e-05
3117,0.6560795636830286,0.008508222632148382,3.2045360212891805e-06
3118,0.6561898652982682,0.008506208840134274,5.1091309602996875e-06
3119,0.6559794806027573,0.00850608294930138,1.6684993759051636e-05
3120,0.6560897435897436,0.008504071271329324,3.0685180976995186e-06
3121,0.656199935917975,0.008502060364706918,5.412067321384785e-06
3122,0.6559897501601537,0.008501934773302204,1.3446561851821917e-05
3123,0.6560999039385207,0.00849992597565071,5.700017377903996e-06
3124,0.6562099871959027,0.008497917947538897,5.614844006448665e-06
3125,0.65632,0.008495910688796111,5.180246199964347e-06
3126,0.6561100447856686,0.008495786730371211,1.7071501807329996e-05
3127,0.6559002238567317,0.008495660402065732,1.9651589417404938e-05
3128,0.655690537084399,0.008495531709980545,1.76238370656401e-05
3129,0.6554809843400448,0.008495400660199921,1.5032083653965077e-05
3130,0.655591054313099,0.008493399501114933,5.44050735555991e-06
3131,0.6557010539763654,0.00849139910522291,5.46037118683863e-06
3132,0.6558109833971902,0.008489399472358295,3.187732588619438e-06
3133,0.6556016597510373,0.00848927006206266,1.6836775762482023e-05
3134,0.6557115507338864,0.00848727251952545,3.2331089705583787e-06
3135,0.6558213716108453,0.008485275738233168,5.2840880632587156e-06
3136,0.6559311224489796,0.008483279718020108,4.960857979592291e-06
3137,0.6560408033152694,0.008481284458719941,5.377569983183793e-06
3138,0.655831739961759,0.008481158001816829,1.3365040875478652e-05
3139,0.655622809812042,0.008481029203154595,1.629553774139711e-05
3140,0.6557324840764331,0.008479037347027535,5.021209614921383e-06
3141,0.655842088506845,0.008477046248597884,5.3995118262079695e-06
3142,0.6559516231699555,0.008475055907700887,5.277036010430935e-06
3143,0.6560610881323576,0.00847306632417117,5.52575438402458e-06
3144,0.6561704834605598,0.008471077497842745,5.386353544963005e-06
3145,0.6562798092209857,0.008469089428549015,5.36100258371382e-06
3146,0.6560712015257469,0.008468966197064148,1.7218778569971586e-05
3147,0.6561804893549412,0.00846698019677841,5.5042814102877795e-06
3148,0.656289707750953,0.008464994951764187,5.451632177186329e-06
3149,0.6560812956494125,0.008464872010893796,1.825925877066662e-05
3150,0.6558730158730158,0.008464746743746211,1.853214313693473e-05
3151,0.6556648682957791,0.008464619156266511,1.7958507751278393e-05
3152,0.6557741116751269,0.008462638592388072,5.170830072459193e-06
3153,0.6558832857595941,0.008460658779181039,5.474756264403348e-06
3154,0.6556753329105898,0.008460531492004287,1.8482316551852043e-05
3155,0.655784469096672,0.008458553734531582,4.697936869030325e-06
3156,0.6555766793409379,0.008458425443165024,1.9079417201583242e-05
3157,0.6556857776369972,0.008456449738125583,5.3953013154845745e-06
3158,0.6554781507283091,0.008456320446432374,1.9763112177874825e-05
3159,0.6552706552706553,0.00845618885678313,1.4327075955872492e-05
3160,0.6550632911392406,0.008456054975036764,1.9526566245906286e-05
3161,0.6548560582094274,0.008455918807036417,1.8296656228009008e-05
3162,0.6546489563567363,0.008455780358609503,1.7487593387085274e-05
3163,0.6547581410053747,0.008453811906757834,5.5736658874326595e-06
3164,0.6548672566371682,0.008451844195063138,5.319429942223853e-06
3165,0.6549763033175355,0.008449877223371784,3.0581523636032296e-06
3166,0.6547694251421352,0.008449740396816102,1.7054439267840394e-05
3167,0.6545626776128829,0.00844960130049915,1.929074658466391e-05
3168,0.6543560606060606,0.008449459940196804,1.2624218563280633e-05
3169,0.6544651309561376,0.00844749759549959,5.476739498159546e-06
3170,0.6545741324921136,0.008445535986306435,3.115616112696989e-06
3171,0.6546830652790918,0.008443575112466808,5.294885214284577e-06
3172,0.6544766708701135,0.008443435375022637,1.570265142867912e-05
3173,0.6545855657106839,0.008441476527296111,5.494919686483882e-06
3174,0.6546943919344675,0.00843951841323111,3.1711454735924666e-06
3175,0.6548031496062993,0.008437561032676916,5.111920206503674e-06
3176,0.6545969773299748,0.008437422909442306,1.8088762852721015e-05
3177,0.654705697198615,0.00843546754868774,3.1427482886071763e-06
3178,0.6548143486469478,0.00843351291975783,3.1309887642791004e-06
3179,0.6546083674111356,0.008433375118766092,1.8678020764029506e-05
3180,0.6547169811320754,0.008431422504878933,5.241439236547429e-06
3181,0.6548255265639736,0.008429470621135698,5.198039637778692e-06
3182,0.654934003771213,0.008427519467385902,5.5133169251817086e-06
3183,0.6547282437951618,0.008427383267893579,2.043556413308451e-05
3184,0.6548366834170855,0.008425434122920463,3.132146734571065e-06
3185,0.654945054945055,0.008423485706265861,5.473512831631949e-06
3186,0.6547394852479598,0.00842334982386702,1.8247904831031373e-05
3187,0.6548478192657672,0.008421403411268433,3.113310490738923e-06
3188,0.6549560853199499,0.008419457725318805,3.192726137819945e-06
3189,0.6550642834744435,0.00841751276586789,3.2033047372972976e-06
3190,0.6551724137931034,0.008415568532764857,5.5782287475788145e-06
3191,0.6552804763397054,0.00841362502585828,3.136646444119988e-06
3192,0.6553884711779449,0.008411682244996152,5.1044465260485835e-06
3193,0.6554963983714375,0.008409740190025888,5.198188304024459e-06
3194,0.6556042579837195,0.008407798860794317,5.353844367186604e-06
3195,0.6557120500782473,0.008405858257147692,5.485972415669477e-06
3196,0.655819774718398,0.00840391837893169,5.183633254868091e-06
3197,0.6559274319674695,0.008401979225991415,5.193409261008156e-06
3198,0.6557223264540337,0.00840185506638371,1.887937058922165e-05
3199,0.6555173491716161,0.008401728675385954,1.7558116269095883e-05
3200,0.655625,0.008399792768556109,5.0894092226937426e-06
3201,0.6557325835676351,0.008397857583994053,3.141129319497189e-06
3202,0.655840099937539,0.00839592312154633,3.224619513915129e-06
3203,0.6559475491726506,0.00839398938105892,5.187943796745307e-06
3204,0.6557428214731585,0.008393865796437774,1.6156696175494645e-05
3205,0.6558502340093604,0.008391934032435622,3.2349722057236264e-06
3206,0.6559575795383655,0.008390002988744021,5.133012377225644e-06
3207,0.6560648581228562,0.008388072665208822,5.246618098131086e-06
3208,0.655860349127182,0.00838795061839712,1.8387502204971225e-05
3209,0.6559675911498909,0.008386022265241473,5.079989513656882e-06
3210,0.6560747663551402,0.008384094630598169,5.56263786157439e-06
3211,0.6558704453441295,0.008383972865999796,2.0406179191889626e-05
3212,0.6559775840597758,0.008382047197140566,3.1122876013978277e-06
3213,0.656084656084656,0.008380122245154864,3.1464645461870967e-06
3214,0.6561916614810205,0.008378198009888852,5.439513947446199e-06
3215,0.656298600311042,0.00837627449118814,2.970130726025543e-06
3216,0.6564054726368159,0.008374351688897786,5.031664455181414e-06
3217,0.656201429903637,0.008374233935077089,1.258826890455932e-05
3218,0.656308266003729,0.008372313089554018,5.737674263145523e-06
3219,0.6561043802423113,0.008372194368429703,1.9917893088531906e-05
3220,0.6562111801242236,0.008370275476595652,5.518999053777298e-06
3221,0.6560074511021422,0.00837015579180452,2.0088987592819815e-05
3222,0.6558038485412787,0.008370033909940051,1.6271525978449414e-05
3223,0.6556003723239218,0.008369909836492113,1.6700963404332506e-05
3224,0.6553970223325062,0.008369783576936081,1.88767314627894e-05
3225,0.6555038759689923,0.008367870345954457,5.551063715279785e-06
3226,0.6556106633601984,0.008365957822870496,5.139504571442779e-06
3227,0.6557173845677099,0.008364046007535679,5.629841264345387e-06
3228,0.6555142503097894,0.00836392127192335,1.4739717941786251e-05
3229,0.6553112418705481,0.008363794360249132,2.0322742681734226e-05
3230,0.6554179566563467,0.00836188571672419,3.2107905096006645e-06
3231,0.6555246053853296,0.008359977778039557,5.257765485105291e-06
3232,0.6556311881188119,0.00835807054404809,5.0853304460516215e-06
3233,0.6557377049180327,0.008356164014602093,5.0145243277062415e-06
3234,0.6558441558441559,0.008354258189553323,5.368510441903955e-06
3235,0.6556414219474498,0.008354135252610568,1.6985623054481042e-05
3236,0.6557478368355995,0.008352231356985713,5.1562115527399505e-06
3237,0.6558541859746679,0.008350328164164266,3.1472607391006317e-06
3238,0.6559604694255713,0.008348425673997862,3.1648152700079586e-06
3239,0.656066687249151,0.008346523886337592,3.1892151241330135e-06
3240,0.6561728395061729,0.008344622801034016,3.08254668864806e-06
3241,0.6559703795124961,0.008344503808986008,1.8157091249508433e-05
3242,0.6557680444170265,0.008344382654282488,1.937350313948778e-05
3243,0.6558741905642923,0.008342484707782,3.134745606864086e-06
3244,0.655672009864365,0.008342362613675361,2.0481870988624793e-05
3245,0.6557781201848999,0.008340466583255232,4.677017702671807e-06
3246,0.6555760936537277,0.008340343553259516,1.4380439432746316e-05
3247,0.6556821681552202,0.008338449435928192,5.445169224687123e-06
3248,0.6557881773399015,0.008336556015221363,5.142477221182465e-06
3249,0.6558941212680824,0.00833466329099284,3.1199327009582115e-06
3250,0.6556923076923077,0.008334541754288757,1.9784932228373495e-05
3251,0.6557982159335589,0.008332650937316536,3.1308007114733494e-06
3252,0.6559040590405905,0.008330760815253793,5.155040567161168e-06
3253,0.6560098370734706,0.008328871387954219,5.090638557176815e-06
3254,0.6561155500921942,0.008326982655270975,4.975125604753356e-06
3255,0.6559139784946236,0.008326863810866877,1.9703294025515528e-05
3256,0.6557125307125307,0.00832674282800916,1.6712748579149167e-05
3257,0.6558182376420019,0.008324857200646608,5.378287693979562e-06
3258,0.6556169429097606,0.008324735289638204,1.5133439225177529e-05
3259,0.6557226142988647,0.008322851557811674,5.08494549435169e-06
3260,0.6558282208588957,0.00832096851636225,2.9375272491259965e-06
3261,0.655933762649494,0.00831908616514536,3.079141989453832e-06
3262,0.6560392397302268,0.008317204504015912,5.489097688927258e-06
3263,0.6561446521605884,0.008315323532828291,5.486675064379039e-06
3264,0.65625,0.00831344325143637,5.628409678604931e-06
3265,0.6560490045941807,0.008313326414195665,1.6273016858717782e-05
3266,0.6561543172075934,0.008311448018372225,5.004232102894435e-06
3267,0.6559534741352924,0.008311330252235077,1.934808951819781e-05
3268,0.6560587515299877,0.008309453739056758,5.338594408459027e-06
3269,0.6558580605689813,0.008309335047467543,1.9684354226120756e-05
3270,0.6559633027522935,0.008307460414016886,5.372778471292463e-06
3271,0.6560684805869764,0.00830558646602184,3.0403204783201597e-06
3272,0.6558679706601467,0.00830546804377255,1.8428074150192538e-05
3273,0.6559731133516652,0.008303595971202804,3.0799516907507203e-06
3274,0.6560781918142944,0.008301724582554383,3.0244346900338543e-06
3275,0.6561832061068702,0.008299853877683288,3.0112060842082317e-06
3276,0.655982905982906,0.008299736911278398,1.8024031287810676e-05
3277,0.6560878852609093,0.008297868076158529,5.3739350091833875e-06
3278,0.6561928004881025,0.008295999923286902,5.540807851831266e-06
3279,0.6562976517230863,0.008294132452519407,5.188632408485529e-06
3280,0.6560975609756098,0.0082940169343789,1.6895885553520724e-05
3281,0.6562023773239866,0.008292151327711933,5.133941952680616e-06
3282,0.6560024375380865,0.008292034890243544,1.8758015202953912e-05
3283,0.6558026195552848,0.00829191635646053,1.6774653468182708e-05
3284,0.6559074299634592,0.008290053791396506,5.141408627913709e-06
3285,0.6557077625570776,0.008289934346552928,1.6359321303743367e-05
3286,0.6558125380401704,0.008288073638346626,3.1363602348723835e-06
3287,0.6556130209917859,0.008287953285807321,1.8956486152216397e-05
3288,0.6557177615571776,0.00828609443159595,4.922629567256343e-06
3289,0.6555183946488294,0.008285973174713263,1.686739317975686e-05
3290,0.6556231003039513,0.008284116171639785,5.364403142667833e-06
3291,0.6554238833181404,0.008283994013753604,1.2777137179821223e-05
3292,0.6555285540704738,0.008282138858966715,3.112298616919646e-06
3293,0.6556331612511388,0.008280284376694815,3.1577411581070737e-06
3294,0.6557377049180327,0.00827843056679955,2.978736602166642e-06
3295,0.6558421851289833,0.008276577429142062,5.40747171036423e-06
3296,0.6559466019417476,0.008274724963582995,5.401301741279743e-06
3297,0.6557476493782226,0.00827460659242327,1.4738068334967913e-05
3298,0.6558520315342632,0.008272755966885637,3.1695535863640036e-06
3299,0.655956350409215,0.008270906011953877,5.357333287166602e-06
3300,0.6557575757575758,0.008270787907102908,1.903962254994367e-05
3301,0.6558618600424114,0.008268939788016906,3.1111942077973394e-06
3302,0.6559660811629315,0.008267092338048856,4.9377528835406694e-06
3303,0.6560702391765062,0.008265245557059679,5.428207240721264e-06
3304,0.6561743341404358,0.00826339944490979,5.059958939559329e-06
3305,0.6562783661119516,0.00826155400145913,3.099032367917069e-06
3306,0.6563823351482153,0.008259709226567142,5.304639343163286e-06
3307,0.6561838524342304,0.008259596030782336,1.6802623923669233e-05
3308,0.6559854897218863,0.008259480774913631,1.592683449875969e-05
3309,0.6557872469023874,0.008259363463974182,1.9007410116681442e-05
3310,0.6558912386706949,0.00825752283041218,5.239419241487897e-06
3311,0.655693144065237,0.008257404626523853,1.8909203469071606e-05
3312,0.6557971014492754,0.008255565813569364,5.581020094994109e-06
3313,0.655900996076064,0.008253727663964188,5.375399853420321e-06
3314,0.6557030778515389,0.008253609724872643,1.3329054739778717e-05
3315,0.6555052790346908,0.008253489744891707,1.82399187795047e-05
3316,0.655307599517491,0.008253367728979312,1.8854692404115224e-05
3317,0.6554115164305095,0.00825153370165423,5.156368458189191e-06
3318,0.6555153707052441,0.008249700333834818,5.373458312545051e-06
3319,0.6553178668273576,0.008249578590754647,1.9537277110860347e-05
3320,0.655421686746988,0.008247747032436227,5.4812004918466055e-06
3321,0.6555254441433304,0.008245916132170121,3.069396024104871e-06
3322,0.6553281155930163,0.008245794661068836,1.8142874950556786e-05
3323,0.6551309058080048,0.00824567116778731,1.8444513664624604e-05
3324,0.6552346570397112,0.008243843220187917,5.4244674751216765e-06
3325,0.6550375939849624,0.008243718856612795,1.813026236411274e-05
3326,0.6548406494287432,0.008243592480387873,1.8988242384055496e-05
3327,0.6549443943492635,0.00824176747956272,5.616462656956862e-06
3328,0.6550480769230769,0.008239943131674992,5.462807845662513e-06
3329,0.6551516972063682,0.008238119436594867,5.063491040773675e-06
3330,0.6552552552552553,0.00823629639419203,5.333614202416493e-06
3331,0.655358751125788,0.008234474004335692,5.342040399298275e-06
3332,0.6551620648259304,0.008234351335014161,2.1270255894422207e-05
3333,0.654965496549655,0.008234226661478716,1.7165954113749205e-05
3334,0.6547690461907618,0.008234099988574111,1.816319873160216e-05
3335,0.654872563718141,0.008232281668618693,5.381951300834757e-06
3336,0.6546762589928058,0.008232154139820981,1.9377183877832226e-05
3337,0.654480071920887,0.008232024621045398,1.7828843780454706e-05
3338,0.6542840023966447,0.008231893117098507,1.8647505722035368e-05
3339,0.6540880503144654,0.008231759632774636,1.7877506599451765e-05
3340,0.6541916167664671,0.008229946509945841,5.200020408514577e-06
3341,0.6542951212211913,0.008228134031118056,5.119667905324251e-06
3342,0.6543985637342908,0.008226322196167679,5.638071608947019e-06
3343,0.6545019443613521,0.008224511004970627,5.444043480566613e-06
3344,0.6546052631578947,0.008222700457402332,3.157483785113975e-06
3345,0.6544095665171898,0.008222570668046792,2.027690680208069e-05
3346,0.6545128511655708,0.008220761894625036,4.992332638120199e-06
3347,0.6546160740962056,0.00821895376342786,5.252174469791376e-06
3348,0.6547192353643967,0.008217146274330551,5.28778380371611e-06
3349,0.6548223350253807,0.008215339427207907,5.523679517837938e-06
3350,0.6546268656716417,0.008215212180335305,1.680143199967803e-05
3351,0.6544315129811996,0.00821508296503768,2.0215664906909617e-05
3352,0.6545346062052506,0.008213279011068596,3.049648091927456e-06
3353,0.6543393975544288,0.008213148957346808,1.4157719936406674e-05
3354,0.6544424567680381,0.008211346766927462,5.4105809578596535e-06
3355,0.6545454545454545,0.008209545214669059,5.495387281884663e-06
3356,0.6543504171632897,0.008209415448303017,1.8905559690451885e-05
3357,0.654453380994936,0.00820761565566015,3.032503669581041e-06
3358,0.6545562835020846,0.008205816499790745,5.305431532299251e-06
3359,0.6546591247395058,0.008204017980571856,5.326051569737395e-06
3360,0.6547619047619048,0.008202220097880061,5.35048633877836e-06
3361,0.6545670931270455,0.008202092854930931,1.3849563648924615e-05
3362,0.6546698393813206,0.0082002967254129,5.003184295762872e-06
3363,0.6547725245316681,0.008198501231039343,5.126226056122173e-06
3364,0.6548751486325802,0.008196706371686697,5.317727474117557e-06
3365,0.6549777117384844,0.00819491214723093,5.162686724454241e-06
3366,0.6550802139037433,0.00819311855754755,3.187091103800467e-06
3367,0.6548856548856549,0.008192994934492919,1.8123107561422628e-05
3368,0.6546912114014252,0.00819286936348395,1.767549792645601e-05
3369,0.6547937073315524,0.00819107862992203,3.2046819410993193e-06
3370,0.6548961424332345,0.008189288528628996,5.1278147211109255e-06
3371,0.6549985167606052,0.008187499059481467,5.411436271423453e-06
3372,0.6551008303677343,0.008185710222355603,5.416915971033314e-06
3373,0.6552030833086273,0.008183922017127107,5.101276474210175e-06
3374,0.6550088915234143,0.008183800043388928,1.7972067100652512e-05
3375,0.6551111111111111,0.008182013574680728,3.063902353620672e-06
3376,0.6549170616113744,0.008181890765545456,1.743748795321578e-05
3377,0.6547231270358306,0.008181766020895813,1.5641905902689853e-05
3378,0.6545293072824157,0.00818163934535054,1.3515347805126281e-05
3379,0.6546315477952057,0.008179856816573537,3.20064559988649e-06
3380,0.6544378698224852,0.008179729317375393,1.8315855827325352e-05
3381,0.6545400769003253,0.008177948517177947,5.523587839269186e-06
3382,0.654642223536369,0.008176168342804475,5.413250185820892e-06
3383,0.6544487141590305,0.008176041123094556,1.86760110606097e-05
3384,0.6545508274231678,0.008174262673475126,5.042784250314546e-06
3385,0.6546528803545052,0.008172484848329534,3.1642558566129574e-06
3386,0.6547548730064974,0.008170707647537677,4.832723491205121e-06
3387,0.6548568054325362,0.008168931070979001,5.3832373845936046e-06
3388,0.6549586776859504,0.008167155118532506,4.986971580731527e-06
3389,0.6550604898200059,0.008165379790076732,5.347451305071863e-06
3390,0.6548672566371682,0.008165257228716943,2.0112847286787877e-05
3391,0.6546741374225892,0.008165132752574899,1.355242747060682e-05
3392,0.6547759433962265,0.008163360232087944,5.146619128014824e-06
3393,0.6545829649277926,0.008163234937396317,1.835048326270666e-05
3394,0.6546847377725398,0.0081614641290392,3.203025818099458e-06
3395,0.6547864506627393,0.008159693941010689,3.107343286564024e-06
3396,0.6548881036513545,0.008157924373191168,5.170467565173194e-06
3397,0.6549896967912864,0.008156155425460575,5.411292441549197e-06
3398,0.6547969393761036,0.00815603257960688,1.7639034425698103e-05
3399,0.6546042953809944,0.008155907831358665,1.6927880257803588e-05
3400,0.6544117647058824,0.008155781185226746,1.8773730319245866e-05
3401,0.6542193472508085,0.008155652645710665,2.0538535302779085e-05
3402,0.654320987654321,0.008153888660323277,5.16719504182804e-06
3403,0.6544225683220688,0.008152125290422986,5.329868332463282e-06
3404,0.654524089306698,0.008150362535893178,3.1695344201933503e-06
3405,0.6543318649045521,0.008150235359160865,1.6546487278627008e-05
3406,0.6544333529066354,0.008148474301605594,4.998306538122509e-06
3407,0.6545347813325506,0.008146713858102185,5.542328519369039e-06
3408,0.6546361502347418,0.00814495402853388,3.092236033712407e-06
3409,0.654737459665591,0.008143194812783484,5.5476246604884756e-06
3410,0.6548387096774193,0.008141436210733363,3.0936336154241284e-06
3411,0.6549399003224861,0.008139678222265441,5.6358960063749805e-06
3412,0.6547479484173505,0.008139555633010833,2.0547911024510135e-05
3413,0.6548491063580428,0.008137799333002259,5.241725540567644e-06
3414,0.6549502050380785,0.008136043645262415,4.7090147153039335e-06
3415,0.6550512445095168,0.008134288569673104,5.278606278393127e-06
3416,0.6548594847775175,0.00813416731930605,1.619426707095023e-05
3417,0.6549604916593503,0.008132413927282766,5.473023295447386e-06
3418,0.655061439438268,0.008130661146100778,5.265307708420777e-06
3419,0.6551623281661304,0.008128908975641756,3.1634227709658686e-06
3420,0.6552631578947369,0.008127157415786944,5.105142532068355e-06
3421,0.6550716164864074,0.008127038565753975,1.4070888045171591e-05
3422,0.6551724137931034,0.008125288683404917,5.269692484416442e-06
3423,0.6552731522056675,0.008123539410355362,5.0651974733812265e-06
3424,0.655373831775701,0.008121790746486434,3.177316307230536e-06
3425,0.6551824817518248,0.008121673218663599,2.1290062192302768e-05
3426,0.6552831290134268,0.00811992622744993,5.0004910542059e-06
3427,0.6553837175372046,0.008118179844116391,5.427257422771414e-06
3428,0.6554842473745625,0.00811643406854399,2.979673458465481e-06
3429,0.6555847185768445,0.008114688900613317,5.659409461576239e-06
3430,0.6556851311953352,0.008112944340204542,5.433333979413021e-06
3431,0.6557854852812591,0.008111200387197417,5.104220884305713e-06
3432,0.6558857808857809,0.008109457041471275,5.334635665566205e-06
3433,0.6559860180600058,0.008107714302905036,5.338027570667981e-06
3434,0.6557949912638322,0.00810760338108999,1.910757856562422e-05
3435,0.6558951965065503,0.00810586230447043,3.0160562550830033e-06
3436,0.6557043073341094,0.008105750568641127,1.4893392625040655e-05
3437,0.6558044806517311,0.008104011151517343,3.0077046745058682e-06
3438,0.6559045956951716,0.008102272339088301,5.4583767747547325e-06
3439,0.6557138703111369,0.008102160844474234,1.777058884717145e-05
3440,0.6555232558139535,0.00810204748923015,1.5545691219666893e-05
3441,0.6556233653007847,0.008100311383764046,5.380279211559315e-06
3442,0.6557234166182452,0.008098575880660208,5.218389560522622e-06
3443,0.65582340981702,0.008096840979799649,5.596795893766032e-06
3444,0.6559233449477352,0.008095106681062964,4.952197266067978e-06
3445,0.6560232220609579,0.008093372984330344,3.2083441102247708e-06
3446,0.6558328496807894,0.008093263016647555,1.7522335280150166e-05
3447,0.6556425877574703,0.008093151195900726,1.4358167701632617e-05
3448,0.6557424593967517,0.008091420192114784,5.459150166875899e-06
3449,0.6555523340098579,0.008091307567826835,1.6993969884506778e-05
3450,0.6556521739130434,0.008089578207885188,5.434652542562034e-06
3451,0.6554621848739496,0.00808946478288577,1.7120818798226214e-05
3452,0.6555619930475087,0.008087737064373874,5.3839792718602385e-06
3453,0.6556617434115262,0.008086009943243044,5.331694923326057e-06
3454,0.6554719166184134,0.008085896761990565,1.9485778089203536e-05
3455,0.6555716353111433,0.008084171278730696,5.31555379110262e-06
3456,0.6556712962962963,0.00808244639158638,5.462512014662124e-06
3457,0.6557708996239514,0.008080722100440573,4.8596830857493436e-06
3458,0.6558704453441295,0.008078998405175833,3.0941094608207505e-06
3459,0.6559699335067939,0.008077275305674312,5.0528307592088195e-06
3460,0.6557803468208092,0.00807716547932869,1.682753138048089e-05
3461,0.6558798035249928,0.008075444010718085,3.219079788402404e-06
3462,0.6559792027729636,0.008073723136609859,5.463991227163932e-06
3463,0.6560785446144961,0.00807200285688607,3.1694494340620202e-06
3464,0.6561778290993071,0.008070283171428392,5.417126115776084e-06
3465,0.6562770562770562,0.008068564080118095,3.033953952390197e-06
3466,0.6560877091748413,0.008068457585115825,1.8969693692769724e-05
3467,0.6561869051052783,0.008066740117754037,5.1672598641939415e-06
3468,0.6562860438292965,0.008065023243283443,5.045478329910415e-06
3469,0.6560968578841164,0.008064916976272068,1.5560776370039492e-05
3470,0.655907780979827,0.008064808882676983,1.3842137702876202e-05
3471,0.6557188130221838,0.008064698966736103,2.016859349354998e-05
3472,0.6558179723502304,0.008062985767394976,5.6045271689063834e-06
3473,0.6559170745752951,0.008061273157666308,3.2076959865193403e-06
3474,0.6560161197466897,0.008059561137433786,5.380994680983516e-06
3475,0.6561151079136691,0.008057849706580703,5.40344207367182e-06
3476,0.6562140391254315,0.008056138864989962,5.2863917873848594e-06
3477,0.6560253091745758,0.008056032255898394,1.6549760898452143e-05
3478,0.6558366877515813,0.008055923831812273,1.543087184725128e-05
3479,0.6559356136820925,0.008054215623083975,5.240367534401071e-06
3480,0.6560344827586206,0.008052508001370797,3.103146045243869e-06
3481,0.6561332950301637,0.008050800966556644,3.187926251547662e-06
3482,0.6562320505456634,0.008049094518525032,4.683772899224808e-06
3483,0.6563307493540051,0.008047388657159087,3.197898462268199e-06
3484,0.6564293915040184,0.008045683382341557,4.734526208690305e-06
3485,0.6562410329985653,0.008045579261617005,1.8341094367884247e-05
3486,0.6560527825588066,0.008045473332995233,2.0341545317515516e-05
3487,0.6558646400917695,0.00804536560065108,1.7101116047982162e-05
3488,0.6559633027522935,0.008043663958191194,3.1281849206004484e-06
3489,0.6557752937804529,0.008043555441169754,1.898898530635864e-05
3490,0.6558739255014326,0.008041855395915653,5.3115262446984835e-06
3491,0.655686049842452,0.00804174609694478,1.6468712832718158e-05
3492,0.6557846506300115,0.008040047646578065,5.4394712764547506e-06
3493,0.6555969081019182,0.008039937568376065,2.1254973160451776e-05
3494,0.6556954779622209,0.008038240710582727,5.31051078373077e-06
3495,0.655793991416309,0.008036544432789079,5.278382098718663e-06
3496,0.6558924485125858,0.008034848734881974,5.299216606889385e-06
3497,0.6557048899056334,0.008034739899697028,2.2157994743782237e-05
3498,0.6558033161806747,0.008033045789850615,3.1005840113845302e-06
3499,0.655901686196056,0.008031352258676697,5.29272483699156e-06
3500,0.656,0.008029659306062031,5.525684265922162e-06
